,Sites,Data da Coleta,Data da Viagem,Destino,Empresa,Turno,Precos
0,Mundi,2018-01-30,2018-02-27,VIX-SAO,TAM,M,198
1,Mundi,2018-01-30,2018-02-27,VIX-SAO,TAM,T,198
2,Mundi,2018-01-30,2018-02-27,VIX-SAO,TAM,N,187
3,Mundi,2018-01-30,2018-02-27,VIX-SAO,GOL,M,184
4,Mundi,2018-01-30,2018-02-27,VIX-SAO,GOL,T,178
5,Mundi,2018-01-30,2018-02-27,VIX-SAO,GOL,N,184
6,Mundi,2018-01-30,2018-02-27,VIX-SAO,AZUL,M,256
7,Mundi,2018-01-30,2018-02-27,VIX-SAO,AZUL,T,263
8,Mundi,2018-01-30,2018-02-27,VIX-SAO,AZUL,N,213
9,Mundi,2018-02-27,2018-03-27,VIX-SAO,TAM,M,210
10,Mundi,2018-02-27,2018-03-27,VIX-SAO,TAM,T,181
11,Mundi,2018-02-27,2018-03-27,VIX-SAO,TAM,N,181
12,Mundi,2018-02-27,2018-03-27,VIX-SAO,GOL,M,246
13,Mundi,2018-02-27,2018-03-27,VIX-SAO,GOL,T,219
14,Mundi,2018-02-27,2018-03-27,VIX-SAO,GOL,N,232
15,Mundi,2018-02-27,2018-03-27,VIX-SAO,AZUL,M,210
16,Mundi,2018-02-27,2018-03-27,VIX-SAO,AZUL,T,182
17,Mundi,2018-02-27,2018-03-27,VIX-SAO,AZUL,N,201
18,Mundi,2018-03-27,2018-04-24,VIX-SAO,TAM,M,194
19,Mundi,2018-03-27,2018-04-24,VIX-SAO,TAM,T,176
20,Mundi,2018-03-27,2018-04-24,VIX-SAO,TAM,N,176
21,Mundi,2018-03-27,2018-04-24,VIX-SAO,GOL,M,164
22,Mundi,2018-03-27,2018-04-24,VIX-SAO,GOL,T,214
23,Mundi,2018-03-27,2018-04-24,VIX-SAO,GOL,N,164
24,Mundi,2018-03-27,2018-04-24,VIX-SAO,AZUL,M,205
25,Mundi,2018-03-27,2018-04-24,VIX-SAO,AZUL,T,170
26,Mundi,2018-03-27,2018-04-24,VIX-SAO,AZUL,N,205
27,Mundi,2018-04-24,2018-05-29,VIX-SAO,TAM,M,178
28,Mundi,2018-04-24,2018-05-29,VIX-SAO,TAM,T,173
29,Mundi,2018-04-24,2018-05-29,VIX-SAO,TAM,N,178
30,Mundi,2018-04-24,2018-05-29,VIX-SAO,GOL,M,173
31,Mundi,2018-04-24,2018-05-29,VIX-SAO,GOL,T,178
32,Mundi,2018-04-24,2018-05-29,VIX-SAO,GOL,N,178
33,Mundi,2018-04-24,2018-05-29,VIX-SAO,AZUL,M,198
34,Mundi,2018-04-24,2018-05-29,VIX-SAO,AZUL,T,198
35,Mundi,2018-04-24,2018-05-29,VIX-SAO,AZUL,N,198
36,Mundi,2018-05-29,2018-06-26,VIX-SAO,TAM,M,178
37,Mundi,2018-05-29,2018-06-26,VIX-SAO,TAM,T,176
38,Mundi,2018-05-29,2018-06-26,VIX-SAO,TAM,N,176
39,Mundi,2018-05-29,2018-06-26,VIX-SAO,GOL,M,169
40,Mundi,2018-05-29,2018-06-26,VIX-SAO,GOL,T,176
41,Mundi,2018-05-29,2018-06-26,VIX-SAO,GOL,N,176
42,Mundi,2018-05-29,2018-06-26,VIX-SAO,AZUL,M,199
43,Mundi,2018-05-29,2018-06-26,VIX-SAO,AZUL,T,146
44,Mundi,2018-05-29,2018-06-26,VIX-SAO,AZUL,N,200
45,Mundi,2018-07-31,2018-08-28,VIX-SAO,TAM,M,210
46,Mundi,2018-07-31,2018-08-28,VIX-SAO,TAM,T,172
47,Mundi,2018-07-31,2018-08-28,VIX-SAO,TAM,N,273
48,Mundi,2018-07-31,2018-08-28,VIX-SAO,GOL,M,133
49,Mundi,2018-07-31,2018-08-28,VIX-SAO,GOL,T,194
50,Mundi,2018-07-31,2018-08-28,VIX-SAO,GOL,N,133
51,Mundi,2018-07-31,2018-08-28,VIX-SAO,AZUL,M,200
52,Mundi,2018-07-31,2018-08-28,VIX-SAO,AZUL,T,145
53,Mundi,2018-07-31,2018-08-28,VIX-SAO,AZUL,N,230
54,Mundi,2018-01-30,2018-02-27,VIX-BHZ,TAM,M,163
55,Mundi,2018-01-30,2018-02-27,VIX-BHZ,TAM,T,163
56,Mundi,2018-01-30,2018-02-27,VIX-BHZ,TAM,N,
57,Mundi,2018-01-30,2018-02-27,VIX-BHZ,GOL,M,295
58,Mundi,2018-01-30,2018-02-27,VIX-BHZ,GOL,T,
59,Mundi,2018-01-30,2018-02-27,VIX-BHZ,GOL,N,295
60,Mundi,2018-01-30,2018-02-27,VIX-BHZ,AZUL,M,156
61,Mundi,2018-01-30,2018-02-27,VIX-BHZ,AZUL,T,156
62,Mundi,2018-01-30,2018-02-27,VIX-BHZ,AZUL,N,175
63,Mundi,2018-02-27,2018-03-27,VIX-BHZ,TAM,M,150
64,Mundi,2018-02-27,2018-03-27,VIX-BHZ,TAM,T,150
65,Mundi,2018-02-27,2018-03-27,VIX-BHZ,TAM,N,150
66,Mundi,2018-02-27,2018-03-27,VIX-BHZ,GOL,M,207
67,Mundi,2018-02-27,2018-03-27,VIX-BHZ,GOL,T,627
68,Mundi,2018-02-27,2018-03-27,VIX-BHZ,GOL,N,215
69,Mundi,2018-02-27,2018-03-27,VIX-BHZ,AZUL,M,230
70,Mundi,2018-02-27,2018-03-27,VIX-BHZ,AZUL,T,291
71,Mundi,2018-02-27,2018-03-27,VIX-BHZ,AZUL,N,230
72,Mundi,2018-03-27,2018-04-24,VIX-BHZ,TAM,M,150
73,Mundi,2018-03-27,2018-04-24,VIX-BHZ,TAM,T,150
74,Mundi,2018-03-27,2018-04-24,VIX-BHZ,TAM,N,150
75,Mundi,2018-03-27,2018-04-24,VIX-BHZ,GOL,M,249
76,Mundi,2018-03-27,2018-04-24,VIX-BHZ,GOL,T,-
77,Mundi,2018-03-27,2018-04-24,VIX-BHZ,GOL,N,250
78,Mundi,2018-03-27,2018-04-24,VIX-BHZ,AZUL,M,210
79,Mundi,2018-03-27,2018-04-24,VIX-BHZ,AZUL,T,210
80,Mundi,2018-03-27,2018-04-24,VIX-BHZ,AZUL,N,210
81,Mundi,2018-04-24,2018-05-29,VIX-BHZ,TAM,M,166
82,Mundi,2018-04-24,2018-05-29,VIX-BHZ,TAM,T,163
83,Mundi,2018-04-24,2018-05-29,VIX-BHZ,TAM,N,166
84,Mundi,2018-04-24,2018-05-29,VIX-BHZ,GOL,M,220
85,Mundi,2018-04-24,2018-05-29,VIX-BHZ,GOL,T,750
86,Mundi,2018-04-24,2018-05-29,VIX-BHZ,GOL,N,190
87,Mundi,2018-04-24,2018-05-29,VIX-BHZ,AZUL,M,210
88,Mundi,2018-04-24,2018-05-29,VIX-BHZ,AZUL,T,210
89,Mundi,2018-04-24,2018-05-29,VIX-BHZ,AZUL,N,210
90,Mundi,2018-05-29,2018-06-26,VIX-BHZ,TAM,M,170
91,Mundi,2018-05-29,2018-06-26,VIX-BHZ,TAM,T,182
92,Mundi,2018-05-29,2018-06-26,VIX-BHZ,TAM,N,182
93,Mundi,2018-05-29,2018-06-26,VIX-BHZ,GOL,M,215
94,Mundi,2018-05-29,2018-06-26,VIX-BHZ,GOL,T,-
95,Mundi,2018-05-29,2018-06-26,VIX-BHZ,GOL,N,215
96,Mundi,2018-05-29,2018-06-26,VIX-BHZ,AZUL,M,-
97,Mundi,2018-05-29,2018-06-26,VIX-BHZ,AZUL,T,153
98,Mundi,2018-05-29,2018-06-26,VIX-BHZ,AZUL,N,153
99,Mundi,2018-07-31,2018-08-28,VIX-BHZ,TAM,M,160
100,Mundi,2018-07-31,2018-08-28,VIX-BHZ,TAM,T,160
101,Mundi,2018-07-31,2018-08-28,VIX-BHZ,TAM,N,319
102,Mundi,2018-07-31,2018-08-28,VIX-BHZ,GOL,M,242
103,Mundi,2018-07-31,2018-08-28,VIX-BHZ,GOL,T,530
104,Mundi,2018-07-31,2018-08-28,VIX-BHZ,GOL,N,242
105,Mundi,2018-07-31,2018-08-28,VIX-BHZ,AZUL,M,195
106,Mundi,2018-07-31,2018-08-28,VIX-BHZ,AZUL,T,137
107,Mundi,2018-07-31,2018-08-28,VIX-BHZ,AZUL,N,137
108,Mundi,2018-01-30,2018-02-27,VIX-RIO,TAM,M,286
109,Mundi,2018-01-30,2018-02-27,VIX-RIO,TAM,T,244
110,Mundi,2018-01-30,2018-02-27,VIX-RIO,TAM,N,
111,Mundi,2018-01-30,2018-02-27,VIX-RIO,GOL,M,185
112,Mundi,2018-01-30,2018-02-27,VIX-RIO,GOL,T,767
113,Mundi,2018-01-30,2018-02-27,VIX-RIO,GOL,N,178
114,Mundi,2018-01-30,2018-02-27,VIX-RIO,AZUL,M,175
115,Mundi,2018-01-30,2018-02-27,VIX-RIO,AZUL,T,175
116,Mundi,2018-01-30,2018-02-27,VIX-RIO,AZUL,N,253
117,Mundi,2018-02-27,2018-03-27,VIX-RIO,TAM,M,
118,Mundi,2018-02-27,2018-03-27,VIX-RIO,TAM,T,215
119,Mundi,2018-02-27,2018-03-27,VIX-RIO,TAM,N,
120,Mundi,2018-02-27,2018-03-27,VIX-RIO,GOL,M,181
121,Mundi,2018-02-27,2018-03-27,VIX-RIO,GOL,T,
122,Mundi,2018-02-27,2018-03-27,VIX-RIO,GOL,N,156
123,Mundi,2018-02-27,2018-03-27,VIX-RIO,AZUL,M,155
124,Mundi,2018-02-27,2018-03-27,VIX-RIO,AZUL,T,155
125,Mundi,2018-02-27,2018-03-27,VIX-RIO,AZUL,N,155
126,Mundi,2018-03-27,2018-04-24,VIX-RIO,TAM,M,259
127,Mundi,2018-03-27,2018-04-24,VIX-RIO,TAM,T,230
128,Mundi,2018-03-27,2018-04-24,VIX-RIO,TAM,N,-
129,Mundi,2018-03-27,2018-04-24,VIX-RIO,GOL,M,179
130,Mundi,2018-03-27,2018-04-24,VIX-RIO,GOL,T,209
131,Mundi,2018-03-27,2018-04-24,VIX-RIO,GOL,N,209
132,Mundi,2018-03-27,2018-04-24,VIX-RIO,AZUL,M,160
133,Mundi,2018-03-27,2018-04-24,VIX-RIO,AZUL,T,253
134,Mundi,2018-03-27,2018-04-24,VIX-RIO,AZUL,N,160
135,Mundi,2018-04-24,2018-05-29,VIX-RIO,TAM,M,180
136,Mundi,2018-04-24,2018-05-29,VIX-RIO,TAM,T,206
137,Mundi,2018-04-24,2018-05-29,VIX-RIO,TAM,N,
138,Mundi,2018-04-24,2018-05-29,VIX-RIO,GOL,M,170
139,Mundi,2018-04-24,2018-05-29,VIX-RIO,GOL,T,407
140,Mundi,2018-04-24,2018-05-29,VIX-RIO,GOL,N,178
141,Mundi,2018-04-24,2018-05-29,VIX-RIO,AZUL,M,195
142,Mundi,2018-04-24,2018-05-29,VIX-RIO,AZUL,T,142
143,Mundi,2018-04-24,2018-05-29,VIX-RIO,AZUL,N,142
144,Mundi,2018-05-29,2018-06-26,VIX-RIO,TAM,M,578
145,Mundi,2018-05-29,2018-06-26,VIX-RIO,TAM,T,220
146,Mundi,2018-05-29,2018-06-26,VIX-RIO,TAM,N,-
147,Mundi,2018-05-29,2018-06-26,VIX-RIO,GOL,M,176
148,Mundi,2018-05-29,2018-06-26,VIX-RIO,GOL,T,193
149,Mundi,2018-05-29,2018-06-26,VIX-RIO,GOL,N,159
150,Mundi,2018-05-29,2018-06-26,VIX-RIO,AZUL,M,147
151,Mundi,2018-05-29,2018-06-26,VIX-RIO,AZUL,T,169
152,Mundi,2018-05-29,2018-06-26,VIX-RIO,AZUL,N,147
153,Mundi,2018-07-31,2018-08-28,VIX-RIO,TAM,M,269
154,Mundi,2018-07-31,2018-08-28,VIX-RIO,TAM,T,258
155,Mundi,2018-07-31,2018-08-28,VIX-RIO,TAM,N,
156,Mundi,2018-07-31,2018-08-28,VIX-RIO,GOL,M,158
157,Mundi,2018-07-31,2018-08-28,VIX-RIO,GOL,T,210
158,Mundi,2018-07-31,2018-08-28,VIX-RIO,GOL,N,158
159,Mundi,2018-07-31,2018-08-28,VIX-RIO,AZUL,M,172
160,Mundi,2018-07-31,2018-08-28,VIX-RIO,AZUL,T,269
161,Mundi,2018-07-31,2018-08-28,VIX-RIO,AZUL,N,172
162,Mundi,2018-01-30,2018-02-27,VIX-REC,TAM,M,364
163,Mundi,2018-01-30,2018-02-27,VIX-REC,TAM,T,359
164,Mundi,2018-01-30,2018-02-27,VIX-REC,TAM,N,359
165,Mundi,2018-01-30,2018-02-27,VIX-REC,GOL,M,427
166,Mundi,2018-01-30,2018-02-27,VIX-REC,GOL,T,1056
167,Mundi,2018-01-30,2018-02-27,VIX-REC,GOL,N,379
168,Mundi,2018-01-30,2018-02-27,VIX-REC,AZUL,M,442
169,Mundi,2018-01-30,2018-02-27,VIX-REC,AZUL,T,398
170,Mundi,2018-01-30,2018-02-27,VIX-REC,AZUL,N,398
171,Mundi,2018-02-27,2018-03-27,VIX-REC,TAM,M,529
172,Mundi,2018-02-27,2018-03-27,VIX-REC,TAM,T,435
173,Mundi,2018-02-27,2018-03-27,VIX-REC,TAM,N,450
174,Mundi,2018-02-27,2018-03-27,VIX-REC,GOL,M,498
175,Mundi,2018-02-27,2018-03-27,VIX-REC,GOL,T,410
176,Mundi,2018-02-27,2018-03-27,VIX-REC,GOL,N,410
177,Mundi,2018-02-27,2018-03-27,VIX-REC,AZUL,M,362
178,Mundi,2018-02-27,2018-03-27,VIX-REC,AZUL,T,362
179,Mundi,2018-02-27,2018-03-27,VIX-REC,AZUL,N,502
180,Mundi,2018-03-27,2018-04-24,VIX-REC,TAM,M,482
181,Mundi,2018-03-27,2018-04-24,VIX-REC,TAM,T,384
182,Mundi,2018-03-27,2018-04-24,VIX-REC,TAM,N,384
183,Mundi,2018-03-27,2018-04-24,VIX-REC,GOL,M,420
184,Mundi,2018-03-27,2018-04-24,VIX-REC,GOL,T,765
185,Mundi,2018-03-27,2018-04-24,VIX-REC,GOL,N,-
186,Mundi,2018-03-27,2018-04-24,VIX-REC,AZUL,M,391
187,Mundi,2018-03-27,2018-04-24,VIX-REC,AZUL,T,391
188,Mundi,2018-03-27,2018-04-24,VIX-REC,AZUL,N,391
189,Mundi,2018-04-24,2018-05-29,VIX-REC,TAM,M,387
190,Mundi,2018-04-24,2018-05-29,VIX-REC,TAM,T,358
191,Mundi,2018-04-24,2018-05-29,VIX-REC,TAM,N,376
192,Mundi,2018-04-24,2018-05-29,VIX-REC,GOL,M,502
193,Mundi,2018-04-24,2018-05-29,VIX-REC,GOL,T,1073
194,Mundi,2018-04-24,2018-05-29,VIX-REC,GOL,N,502
195,Mundi,2018-04-24,2018-05-29,VIX-REC,AZUL,M,334
196,Mundi,2018-04-24,2018-05-29,VIX-REC,AZUL,T,334
197,Mundi,2018-04-24,2018-05-29,VIX-REC,AZUL,N,334
198,Mundi,2018-05-29,2018-06-26,VIX-REC,TAM,M,444
199,Mundi,2018-05-29,2018-06-26,VIX-REC,TAM,T,311
200,Mundi,2018-05-29,2018-06-26,VIX-REC,TAM,N,311
201,Mundi,2018-05-29,2018-06-26,VIX-REC,GOL,M,644
202,Mundi,2018-05-29,2018-06-26,VIX-REC,GOL,T,-
203,Mundi,2018-05-29,2018-06-26,VIX-REC,GOL,N,644
204,Mundi,2018-05-29,2018-06-26,VIX-REC,AZUL,M,332
205,Mundi,2018-05-29,2018-06-26,VIX-REC,AZUL,T,361
206,Mundi,2018-05-29,2018-06-26,VIX-REC,AZUL,N,371
207,Mundi,2018-07-31,2018-08-28,VIX-REC,TAM,M,419
208,Mundi,2018-07-31,2018-08-28,VIX-REC,TAM,T,326
209,Mundi,2018-07-31,2018-08-28,VIX-REC,TAM,N,326
210,Mundi,2018-07-31,2018-08-28,VIX-REC,GOL,M,369
211,Mundi,2018-07-31,2018-08-28,VIX-REC,GOL,T,561
212,Mundi,2018-07-31,2018-08-28,VIX-REC,GOL,N,414
213,Mundi,2018-07-31,2018-08-28,VIX-REC,AZUL,M,402
214,Mundi,2018-07-31,2018-08-28,VIX-REC,AZUL,T,344
215,Mundi,2018-07-31,2018-08-28,VIX-REC,AZUL,N,344
216,Mundi,2018-01-30,2018-02-27,VIX-SSA,TAM,M,364
217,Mundi,2018-01-30,2018-02-27,VIX-SSA,TAM,T,359
218,Mundi,2018-01-30,2018-02-27,VIX-SSA,TAM,N,359
219,Mundi,2018-01-30,2018-02-27,VIX-SSA,GOL,M,427
220,Mundi,2018-01-30,2018-02-27,VIX-SSA,GOL,T,1056
221,Mundi,2018-01-30,2018-02-27,VIX-SSA,GOL,N,379
222,Mundi,2018-01-30,2018-02-27,VIX-SSA,AZUL,M,442
223,Mundi,2018-01-30,2018-02-27,VIX-SSA,AZUL,T,398
224,Mundi,2018-01-30,2018-02-27,VIX-SSA,AZUL,N,398
225,Mundi,2018-02-27,2018-03-27,VIX-SSA,TAM,M,478
226,Mundi,2018-02-27,2018-03-27,VIX-SSA,TAM,T,463
227,Mundi,2018-02-27,2018-03-27,VIX-SSA,TAM,N,-
228,Mundi,2018-02-27,2018-03-27,VIX-SSA,GOL,M,579
229,Mundi,2018-02-27,2018-03-27,VIX-SSA,GOL,T,323
230,Mundi,2018-02-27,2018-03-27,VIX-SSA,GOL,N,323
231,Mundi,2018-02-27,2018-03-27,VIX-SSA,AZUL,M,651
232,Mundi,2018-02-27,2018-03-27,VIX-SSA,AZUL,T,362
233,Mundi,2018-02-27,2018-03-27,VIX-SSA,AZUL,N,488
234,Mundi,2018-03-27,2018-04-24,VIX-SSA,TAM,M,384
235,Mundi,2018-03-27,2018-04-24,VIX-SSA,TAM,T,356
236,Mundi,2018-03-27,2018-04-24,VIX-SSA,TAM,N,356
237,Mundi,2018-03-27,2018-04-24,VIX-SSA,GOL,M,330
238,Mundi,2018-03-27,2018-04-24,VIX-SSA,GOL,T,433
239,Mundi,2018-03-27,2018-04-24,VIX-SSA,GOL,N,330
240,Mundi,2018-03-27,2018-04-24,VIX-SSA,AZUL,M,377
241,Mundi,2018-03-27,2018-04-24,VIX-SSA,AZUL,T,344
242,Mundi,2018-03-27,2018-04-24,VIX-SSA,AZUL,N,344
243,Mundi,2018-04-24,2018-05-29,VIX-SSA,TAM,M,513
244,Mundi,2018-04-24,2018-05-29,VIX-SSA,TAM,T,438
245,Mundi,2018-04-24,2018-05-29,VIX-SSA,TAM,N,616
246,Mundi,2018-04-24,2018-05-29,VIX-SSA,GOL,M,384
247,Mundi,2018-04-24,2018-05-29,VIX-SSA,GOL,T,384
248,Mundi,2018-04-24,2018-05-29,VIX-SSA,GOL,N,429
249,Mundi,2018-04-24,2018-05-29,VIX-SSA,AZUL,M,384
250,Mundi,2018-04-24,2018-05-29,VIX-SSA,AZUL,T,422
251,Mundi,2018-04-24,2018-05-29,VIX-SSA,AZUL,N,522
252,Mundi,2018-05-29,2018-06-26,VIX-SSA,TAM,M,551
253,Mundi,2018-05-29,2018-06-26,VIX-SSA,TAM,T,635
254,Mundi,2018-05-29,2018-06-26,VIX-SSA,TAM,N,-
255,Mundi,2018-05-29,2018-06-26,VIX-SSA,GOL,M,381
256,Mundi,2018-05-29,2018-06-26,VIX-SSA,GOL,T,381
257,Mundi,2018-05-29,2018-06-26,VIX-SSA,GOL,N,381
258,Mundi,2018-05-29,2018-06-26,VIX-SSA,AZUL,M,358
259,Mundi,2018-05-29,2018-06-26,VIX-SSA,AZUL,T,358
260,Mundi,2018-05-29,2018-06-26,VIX-SSA,AZUL,N,358
261,Mundi,2018-07-31,2018-08-28,VIX-SSA,TAM,M,303
262,Mundi,2018-07-31,2018-08-28,VIX-SSA,TAM,T,303
263,Mundi,2018-07-31,2018-08-28,VIX-SSA,TAM,N,431
264,Mundi,2018-07-31,2018-08-28,VIX-SSA,GOL,M,419
265,Mundi,2018-07-31,2018-08-28,VIX-SSA,GOL,T,158
266,Mundi,2018-07-31,2018-08-28,VIX-SSA,GOL,N,419
267,Mundi,2018-07-31,2018-08-28,VIX-SSA,AZUL,M,493
268,Mundi,2018-07-31,2018-08-28,VIX-SSA,AZUL,T,402
269,Mundi,2018-07-31,2018-08-28,VIX-SSA,AZUL,N,493
270,Mundi,2018-01-30,2018-02-27,VIX-POA,TAM,M,381
271,Mundi,2018-01-30,2018-02-27,VIX-POA,TAM,T,381
272,Mundi,2018-01-30,2018-02-27,VIX-POA,TAM,N,360
273,Mundi,2018-01-30,2018-02-27,VIX-POA,GOL,M,441
274,Mundi,2018-01-30,2018-02-27,VIX-POA,GOL,T,364
275,Mundi,2018-01-30,2018-02-27,VIX-POA,GOL,N,415
276,Mundi,2018-01-30,2018-02-27,VIX-POA,AZUL,M,329
277,Mundi,2018-01-30,2018-02-27,VIX-POA,AZUL,T,329
278,Mundi,2018-01-30,2018-02-27,VIX-POA,AZUL,N,329
279,Mundi,2018-02-27,2018-03-27,VIX-POA,TAM,M,243
280,Mundi,2018-02-27,2018-03-27,VIX-POA,TAM,T,243
281,Mundi,2018-02-27,2018-03-27,VIX-POA,TAM,N,364
282,Mundi,2018-02-27,2018-03-27,VIX-POA,GOL,M,283
283,Mundi,2018-02-27,2018-03-27,VIX-POA,GOL,T,249
284,Mundi,2018-02-27,2018-03-27,VIX-POA,GOL,N,283
285,Mundi,2018-02-27,2018-03-27,VIX-POA,AZUL,M,237
286,Mundi,2018-02-27,2018-03-27,VIX-POA,AZUL,T,237
287,Mundi,2018-02-27,2018-03-27,VIX-POA,AZUL,N,237
288,Mundi,2018-03-27,2018-04-24,VIX-POA,TAM,M,243
289,Mundi,2018-03-27,2018-04-24,VIX-POA,TAM,T,243
290,Mundi,2018-03-27,2018-04-24,VIX-POA,TAM,N,243
291,Mundi,2018-03-27,2018-04-24,VIX-POA,GOL,M,243
292,Mundi,2018-03-27,2018-04-24,VIX-POA,GOL,T,243
293,Mundi,2018-03-27,2018-04-24,VIX-POA,GOL,N,360
294,Mundi,2018-03-27,2018-04-24,VIX-POA,AZUL,M,198
295,Mundi,2018-03-27,2018-04-24,VIX-POA,AZUL,T,201
296,Mundi,2018-03-27,2018-04-24,VIX-POA,AZUL,N,201
297,Mundi,2018-04-24,2018-05-29,VIX-POA,TAM,M,218
298,Mundi,2018-04-24,2018-05-29,VIX-POA,TAM,T,218
299,Mundi,2018-04-24,2018-05-29,VIX-POA,TAM,N,670
300,Mundi,2018-04-24,2018-05-29,VIX-POA,GOL,M,251
301,Mundi,2018-04-24,2018-05-29,VIX-POA,GOL,T,251
302,Mundi,2018-04-24,2018-05-29,VIX-POA,GOL,N,251
303,Mundi,2018-04-24,2018-05-29,VIX-POA,AZUL,M,207
304,Mundi,2018-04-24,2018-05-29,VIX-POA,AZUL,T,207
305,Mundi,2018-04-24,2018-05-29,VIX-POA,AZUL,N,211
306,Mundi,2018-05-29,2018-06-26,VIX-POA,TAM,M,264
307,Mundi,2018-05-29,2018-06-26,VIX-POA,TAM,T,257
308,Mundi,2018-05-29,2018-06-26,VIX-POA,TAM,N,-
309,Mundi,2018-05-29,2018-06-26,VIX-POA,GOL,M,251
310,Mundi,2018-05-29,2018-06-26,VIX-POA,GOL,T,251
311,Mundi,2018-05-29,2018-06-26,VIX-POA,GOL,N,251
312,Mundi,2018-05-29,2018-06-26,VIX-POA,AZUL,M,191
313,Mundi,2018-05-29,2018-06-26,VIX-POA,AZUL,T,230
314,Mundi,2018-05-29,2018-06-26,VIX-POA,AZUL,N,230
315,Mundi,2018-07-31,2018-08-28,VIX-POA,TAM,M,225
316,Mundi,2018-07-31,2018-08-28,VIX-POA,TAM,T,234
317,Mundi,2018-07-31,2018-08-28,VIX-POA,TAM,N,225
318,Mundi,2018-07-31,2018-08-28,VIX-POA,GOL,M,371
319,Mundi,2018-07-31,2018-08-28,VIX-POA,GOL,T,371
320,Mundi,2018-07-31,2018-08-28,VIX-POA,GOL,N,371
321,Mundi,2018-07-31,2018-08-28,VIX-POA,AZUL,M,258
322,Mundi,2018-07-31,2018-08-28,VIX-POA,AZUL,T,200
323,Mundi,2018-07-31,2018-08-28,VIX-POA,AZUL,N,200
324,Mundi,2018-01-30,2018-02-27,VIX-BSB,TAM,M,213
325,Mundi,2018-01-30,2018-02-27,VIX-BSB,TAM,T,202
326,Mundi,2018-01-30,2018-02-27,VIX-BSB,TAM,N,202
327,Mundi,2018-01-30,2018-02-27,VIX-BSB,GOL,M,255
328,Mundi,2018-01-30,2018-02-27,VIX-BSB,GOL,T,264
329,Mundi,2018-01-30,2018-02-27,VIX-BSB,GOL,N,264
330,Mundi,2018-01-30,2018-02-27,VIX-BSB,AZUL,M,235
331,Mundi,2018-01-30,2018-02-27,VIX-BSB,AZUL,T,235
332,Mundi,2018-01-30,2018-02-27,VIX-BSB,AZUL,N,235
333,Mundi,2018-02-27,2018-03-27,VIX-BSB,TAM,M,205
334,Mundi,2018-02-27,2018-03-27,VIX-BSB,TAM,T,196
335,Mundi,2018-02-27,2018-03-27,VIX-BSB,TAM,N,271
336,Mundi,2018-02-27,2018-03-27,VIX-BSB,GOL,M,260
337,Mundi,2018-02-27,2018-03-27,VIX-BSB,GOL,T,265
338,Mundi,2018-02-27,2018-03-27,VIX-BSB,GOL,N,260
339,Mundi,2018-02-27,2018-03-27,VIX-BSB,AZUL,M,175
340,Mundi,2018-02-27,2018-03-27,VIX-BSB,AZUL,T,175
341,Mundi,2018-02-27,2018-03-27,VIX-BSB,AZUL,N,175
342,Mundi,2018-03-27,2018-04-24,VIX-BSB,TAM,M,205
343,Mundi,2018-03-27,2018-04-24,VIX-BSB,TAM,T,204
344,Mundi,2018-03-27,2018-04-24,VIX-BSB,TAM,N,256
345,Mundi,2018-03-27,2018-04-24,VIX-BSB,GOL,M,225
346,Mundi,2018-03-27,2018-04-24,VIX-BSB,GOL,T,255
347,Mundi,2018-03-27,2018-04-24,VIX-BSB,GOL,N,271
348,Mundi,2018-03-27,2018-04-24,VIX-BSB,AZUL,M,202
349,Mundi,2018-03-27,2018-04-24,VIX-BSB,AZUL,T,205
350,Mundi,2018-03-27,2018-04-24,VIX-BSB,AZUL,N,205
351,Mundi,2018-04-24,2018-05-29,VIX-BSB,TAM,M,279
352,Mundi,2018-04-24,2018-05-29,VIX-BSB,TAM,T,225
353,Mundi,2018-04-24,2018-05-29,VIX-BSB,TAM,N,225
354,Mundi,2018-04-24,2018-05-29,VIX-BSB,GOL,M,265
355,Mundi,2018-04-24,2018-05-29,VIX-BSB,GOL,T,265
356,Mundi,2018-04-24,2018-05-29,VIX-BSB,GOL,N,265
357,Mundi,2018-04-24,2018-05-29,VIX-BSB,AZUL,M,236
358,Mundi,2018-04-24,2018-05-29,VIX-BSB,AZUL,T,198
359,Mundi,2018-04-24,2018-05-29,VIX-BSB,AZUL,N,198
360,Mundi,2018-05-29,2018-06-26,VIX-BSB,TAM,M,251
361,Mundi,2018-05-29,2018-06-26,VIX-BSB,TAM,T,241
362,Mundi,2018-05-29,2018-06-26,VIX-BSB,TAM,N,241
363,Mundi,2018-05-29,2018-06-26,VIX-BSB,GOL,M,289
364,Mundi,2018-05-29,2018-06-26,VIX-BSB,GOL,T,289
365,Mundi,2018-05-29,2018-06-26,VIX-BSB,GOL,N,289
366,Mundi,2018-05-29,2018-06-26,VIX-BSB,AZUL,M,201
367,Mundi,2018-05-29,2018-06-26,VIX-BSB,AZUL,T,214
368,Mundi,2018-05-29,2018-06-26,VIX-BSB,AZUL,N,214
369,Mundi,2018-07-31,2018-08-28,VIX-BSB,TAM,M,233
370,Mundi,2018-07-31,2018-08-28,VIX-BSB,TAM,T,255
371,Mundi,2018-07-31,2018-08-28,VIX-BSB,TAM,N,197
372,Mundi,2018-07-31,2018-08-28,VIX-BSB,GOL,M,336
373,Mundi,2018-07-31,2018-08-28,VIX-BSB,GOL,T,336
374,Mundi,2018-07-31,2018-08-28,VIX-BSB,GOL,N,336
375,Mundi,2018-07-31,2018-08-28,VIX-BSB,AZUL,M,200
376,Mundi,2018-07-31,2018-08-28,VIX-BSB,AZUL,T,200
377,Mundi,2018-07-31,2018-08-28,VIX-BSB,AZUL,N,239
378,Decolar,2018-01-30,2018-02-27,VIX-SAO,TAM,M,397
379,Decolar,2018-01-30,2018-02-27,VIX-SAO,TAM,T,238
380,Decolar,2018-01-30,2018-02-27,VIX-SAO,TAM,N,238
381,Decolar,2018-01-30,2018-02-27,VIX-SAO,GOL,M,237
382,Decolar,2018-01-30,2018-02-27,VIX-SAO,GOL,T,396
383,Decolar,2018-01-30,2018-02-27,VIX-SAO,GOL,N,237
384,Decolar,2018-01-30,2018-02-27,VIX-SAO,AZUL,M,278
385,Decolar,2018-01-30,2018-02-27,VIX-SAO,AZUL,T,396
386,Decolar,2018-01-30,2018-02-27,VIX-SAO,AZUL,N,237
387,Decolar,2018-02-27,2018-03-27,VIX-SAO,TAM,M,299
388,Decolar,2018-02-27,2018-03-27,VIX-SAO,TAM,T,215
389,Decolar,2018-02-27,2018-03-27,VIX-SAO,TAM,N,215
390,Decolar,2018-02-27,2018-03-27,VIX-SAO,GOL,M,397
391,Decolar,2018-02-27,2018-03-27,VIX-SAO,GOL,T,397
392,Decolar,2018-02-27,2018-03-27,VIX-SAO,GOL,N,238
393,Decolar,2018-02-27,2018-03-27,VIX-SAO,AZUL,M,255
394,Decolar,2018-02-27,2018-03-27,VIX-SAO,AZUL,T,397
395,Decolar,2018-02-27,2018-03-27,VIX-SAO,AZUL,N,238
396,Decolar,2018-03-27,2018-04-24,VIX-SAO,TAM,M,250
397,Decolar,2018-03-27,2018-04-24,VIX-SAO,TAM,T,207
398,Decolar,2018-03-27,2018-04-24,VIX-SAO,TAM,N,207
399,Decolar,2018-03-27,2018-04-24,VIX-SAO,GOL,M,210
400,Decolar,2018-03-27,2018-04-24,VIX-SAO,GOL,T,254
401,Decolar,2018-03-27,2018-04-24,VIX-SAO,GOL,N,254
402,Decolar,2018-03-27,2018-04-24,VIX-SAO,AZUL,M,231
403,Decolar,2018-03-27,2018-04-24,VIX-SAO,AZUL,T,254
404,Decolar,2018-03-27,2018-04-24,VIX-SAO,AZUL,N,254
405,Decolar,2018-04-24,2018-05-29,VIX-SAO,TAM,M,224
406,Decolar,2018-04-24,2018-05-29,VIX-SAO,TAM,T,185
407,Decolar,2018-04-24,2018-05-29,VIX-SAO,TAM,N,224
408,Decolar,2018-04-24,2018-05-29,VIX-SAO,GOL,M,210
409,Decolar,2018-04-24,2018-05-29,VIX-SAO,GOL,T,272
410,Decolar,2018-04-24,2018-05-29,VIX-SAO,GOL,N,272
411,Decolar,2018-04-24,2018-05-29,VIX-SAO,AZUL,M,235
412,Decolar,2018-04-24,2018-05-29,VIX-SAO,AZUL,T,272
413,Decolar,2018-04-24,2018-05-29,VIX-SAO,AZUL,N,272
414,Decolar,2018-05-29,2018-06-26,VIX-SAO,TAM,M,262
415,Decolar,2018-05-29,2018-06-26,VIX-SAO,TAM,T,208
416,Decolar,2018-05-29,2018-06-26,VIX-SAO,TAM,N,208
417,Decolar,2018-05-29,2018-06-26,VIX-SAO,GOL,M,199
418,Decolar,2018-05-29,2018-06-26,VIX-SAO,GOL,T,252
419,Decolar,2018-05-29,2018-06-26,VIX-SAO,GOL,N,252
420,Decolar,2018-05-29,2018-06-26,VIX-SAO,AZUL,M,245
421,Decolar,2018-05-29,2018-06-26,VIX-SAO,AZUL,T,252
422,Decolar,2018-05-29,2018-06-26,VIX-SAO,AZUL,N,252
423,Decolar,2018-07-31,2018-08-28,VIX-SAO,TAM,M,143
424,Decolar,2018-07-31,2018-08-28,VIX-SAO,TAM,T,143
425,Decolar,2018-07-31,2018-08-28,VIX-SAO,TAM,N,241
426,Decolar,2018-07-31,2018-08-28,VIX-SAO,GOL,M,143
427,Decolar,2018-07-31,2018-08-28,VIX-SAO,GOL,T,241
428,Decolar,2018-07-31,2018-08-28,VIX-SAO,GOL,N,143
429,Decolar,2018-07-31,2018-08-28,VIX-SAO,AZUL,M,193
430,Decolar,2018-07-31,2018-08-28,VIX-SAO,AZUL,T,241
431,Decolar,2018-07-31,2018-08-28,VIX-SAO,AZUL,N,143
432,Decolar,2018-01-30,2018-02-27,VIX-BHZ,TAM,M,191
433,Decolar,2018-01-30,2018-02-27,VIX-BHZ,TAM,T,191
434,Decolar,2018-01-30,2018-02-27,VIX-BHZ,TAM,N,525
435,Decolar,2018-01-30,2018-02-27,VIX-BHZ,GOL,M,386
436,Decolar,2018-01-30,2018-02-27,VIX-BHZ,GOL,T,
437,Decolar,2018-01-30,2018-02-27,VIX-BHZ,GOL,N,386
438,Decolar,2018-01-30,2018-02-27,VIX-BHZ,AZUL,M,193
439,Decolar,2018-01-30,2018-02-27,VIX-BHZ,AZUL,T,
440,Decolar,2018-01-30,2018-02-27,VIX-BHZ,AZUL,N,386
441,Decolar,2018-02-27,2018-03-27,VIX-BHZ,TAM,M,190
442,Decolar,2018-02-27,2018-03-27,VIX-BHZ,TAM,T,190
443,Decolar,2018-02-27,2018-03-27,VIX-BHZ,TAM,N,190
444,Decolar,2018-02-27,2018-03-27,VIX-BHZ,GOL,M,967
445,Decolar,2018-02-27,2018-03-27,VIX-BHZ,GOL,T,-
446,Decolar,2018-02-27,2018-03-27,VIX-BHZ,GOL,N,215
447,Decolar,2018-02-27,2018-03-27,VIX-BHZ,AZUL,M,247
448,Decolar,2018-02-27,2018-03-27,VIX-BHZ,AZUL,T,-
449,Decolar,2018-02-27,2018-03-27,VIX-BHZ,AZUL,N,215
450,Decolar,2018-03-27,2018-04-24,VIX-BHZ,TAM,M,187
451,Decolar,2018-03-27,2018-04-24,VIX-BHZ,TAM,T,187
452,Decolar,2018-03-27,2018-04-24,VIX-BHZ,TAM,N,188
453,Decolar,2018-03-27,2018-04-24,VIX-BHZ,GOL,M,289
454,Decolar,2018-03-27,2018-04-24,VIX-BHZ,GOL,T,290
455,Decolar,2018-03-27,2018-04-24,VIX-BHZ,GOL,N,290
456,Decolar,2018-03-27,2018-04-24,VIX-BHZ,AZUL,M,243
457,Decolar,2018-03-27,2018-04-24,VIX-BHZ,AZUL,T,290
458,Decolar,2018-03-27,2018-04-24,VIX-BHZ,AZUL,N,290
459,Decolar,2018-04-24,2018-05-29,VIX-BHZ,TAM,M,202
460,Decolar,2018-04-24,2018-05-29,VIX-BHZ,TAM,T,202
461,Decolar,2018-04-24,2018-05-29,VIX-BHZ,TAM,N,202
462,Decolar,2018-04-24,2018-05-29,VIX-BHZ,GOL,M,312
463,Decolar,2018-04-24,2018-05-29,VIX-BHZ,GOL,T,215
464,Decolar,2018-04-24,2018-05-29,VIX-BHZ,GOL,N,215
465,Decolar,2018-04-24,2018-05-29,VIX-BHZ,AZUL,M,247
466,Decolar,2018-04-24,2018-05-29,VIX-BHZ,AZUL,T,215
467,Decolar,2018-04-24,2018-05-29,VIX-BHZ,AZUL,N,215
468,Decolar,2018-05-29,2018-06-26,VIX-BHZ,TAM,M,200
469,Decolar,2018-05-29,2018-06-26,VIX-BHZ,TAM,T,200
470,Decolar,2018-05-29,2018-06-26,VIX-BHZ,TAM,N,213
471,Decolar,2018-05-29,2018-06-26,VIX-BHZ,GOL,M,487
472,Decolar,2018-05-29,2018-06-26,VIX-BHZ,GOL,T,205
473,Decolar,2018-05-29,2018-06-26,VIX-BHZ,GOL,N,205
474,Decolar,2018-05-29,2018-06-26,VIX-BHZ,AZUL,M,288
475,Decolar,2018-05-29,2018-06-26,VIX-BHZ,AZUL,T,205
476,Decolar,2018-05-29,2018-06-26,VIX-BHZ,AZUL,N,205
477,Decolar,2018-07-31,2018-08-28,VIX-BHZ,TAM,M,131
478,Decolar,2018-07-31,2018-08-28,VIX-BHZ,TAM,T,131
479,Decolar,2018-07-31,2018-08-28,VIX-BHZ,TAM,N,280
480,Decolar,2018-07-31,2018-08-28,VIX-BHZ,GOL,M,217
481,Decolar,2018-07-31,2018-08-28,VIX-BHZ,GOL,T,217
482,Decolar,2018-07-31,2018-08-28,VIX-BHZ,GOL,N,217
483,Decolar,2018-07-31,2018-08-28,VIX-BHZ,AZUL,M,220
484,Decolar,2018-07-31,2018-08-28,VIX-BHZ,AZUL,T,217
485,Decolar,2018-07-31,2018-08-28,VIX-BHZ,AZUL,N,217
486,Decolar,2018-01-30,2018-02-27,VIX-RIO,TAM,M,326
487,Decolar,2018-01-30,2018-02-27,VIX-RIO,TAM,T,326
488,Decolar,2018-01-30,2018-02-27,VIX-RIO,TAM,N,348
489,Decolar,2018-01-30,2018-02-27,VIX-RIO,GOL,M,284
490,Decolar,2018-01-30,2018-02-27,VIX-RIO,GOL,T,
491,Decolar,2018-01-30,2018-02-27,VIX-RIO,GOL,N,284
492,Decolar,2018-01-30,2018-02-27,VIX-RIO,AZUL,M,275
493,Decolar,2018-01-30,2018-02-27,VIX-RIO,AZUL,T,
494,Decolar,2018-01-30,2018-02-27,VIX-RIO,AZUL,N,284
495,Decolar,2018-02-27,2018-03-27,VIX-RIO,TAM,M,255
496,Decolar,2018-02-27,2018-03-27,VIX-RIO,TAM,T,200
497,Decolar,2018-02-27,2018-03-27,VIX-RIO,TAM,N,355
498,Decolar,2018-02-27,2018-03-27,VIX-RIO,GOL,M,255
499,Decolar,2018-02-27,2018-03-27,VIX-RIO,GOL,T,-
500,Decolar,2018-02-27,2018-03-27,VIX-RIO,GOL,N,200
501,Decolar,2018-02-27,2018-03-27,VIX-RIO,AZUL,M,190
502,Decolar,2018-02-27,2018-03-27,VIX-RIO,AZUL,T,-
503,Decolar,2018-02-27,2018-03-27,VIX-RIO,AZUL,N,200
504,Decolar,2018-03-27,2018-04-24,VIX-RIO,TAM,M,294
505,Decolar,2018-03-27,2018-04-24,VIX-RIO,TAM,T,197
506,Decolar,2018-03-27,2018-04-24,VIX-RIO,TAM,N,225
507,Decolar,2018-03-27,2018-04-24,VIX-RIO,GOL,M,335
508,Decolar,2018-03-27,2018-04-24,VIX-RIO,GOL,T,359
509,Decolar,2018-03-27,2018-04-24,VIX-RIO,GOL,N,335
510,Decolar,2018-03-27,2018-04-24,VIX-RIO,AZUL,M,187
511,Decolar,2018-03-27,2018-04-24,VIX-RIO,AZUL,T,359
512,Decolar,2018-03-27,2018-04-24,VIX-RIO,AZUL,N,335
513,Decolar,2018-04-24,2018-05-29,VIX-RIO,TAM,M,218
514,Decolar,2018-04-24,2018-05-29,VIX-RIO,TAM,T,213
515,Decolar,2018-04-24,2018-05-29,VIX-RIO,TAM,N,385
516,Decolar,2018-04-24,2018-05-29,VIX-RIO,GOL,M,235
517,Decolar,2018-04-24,2018-05-29,VIX-RIO,GOL,T,235
518,Decolar,2018-04-24,2018-05-29,VIX-RIO,GOL,N,235
519,Decolar,2018-04-24,2018-05-29,VIX-RIO,AZUL,M,225
520,Decolar,2018-04-24,2018-05-29,VIX-RIO,AZUL,T,235
521,Decolar,2018-04-24,2018-05-29,VIX-RIO,AZUL,N,235
522,Decolar,2018-05-29,2018-06-26,VIX-RIO,TAM,M,249
523,Decolar,2018-05-29,2018-06-26,VIX-RIO,TAM,T,249
524,Decolar,2018-05-29,2018-06-26,VIX-RIO,TAM,N,311
525,Decolar,2018-05-29,2018-06-26,VIX-RIO,GOL,M,-
526,Decolar,2018-05-29,2018-06-26,VIX-RIO,GOL,T,215
527,Decolar,2018-05-29,2018-06-26,VIX-RIO,GOL,N,215
528,Decolar,2018-05-29,2018-06-26,VIX-RIO,AZUL,M,172
529,Decolar,2018-05-29,2018-06-26,VIX-RIO,AZUL,T,215
530,Decolar,2018-05-29,2018-06-26,VIX-RIO,AZUL,N,215
531,Decolar,2018-07-31,2018-08-28,VIX-RIO,TAM,M,233
532,Decolar,2018-07-31,2018-08-28,VIX-RIO,TAM,T,233
533,Decolar,2018-07-31,2018-08-28,VIX-RIO,TAM,N,362
534,Decolar,2018-07-31,2018-08-28,VIX-RIO,GOL,M,185
535,Decolar,2018-07-31,2018-08-28,VIX-RIO,GOL,T,185
536,Decolar,2018-07-31,2018-08-28,VIX-RIO,GOL,N,185
537,Decolar,2018-07-31,2018-08-28,VIX-RIO,AZUL,M,185
538,Decolar,2018-07-31,2018-08-28,VIX-RIO,AZUL,T,185
539,Decolar,2018-07-31,2018-08-28,VIX-RIO,AZUL,N,185
540,Decolar,2018-01-30,2018-02-27,VIX-REC,TAM,M,596
541,Decolar,2018-01-30,2018-02-27,VIX-REC,TAM,T,444
542,Decolar,2018-01-30,2018-02-27,VIX-REC,TAM,N,444
543,Decolar,2018-01-30,2018-02-27,VIX-REC,GOL,M,565
544,Decolar,2018-01-30,2018-02-27,VIX-REC,GOL,T,
545,Decolar,2018-01-30,2018-02-27,VIX-REC,GOL,N,469
546,Decolar,2018-01-30,2018-02-27,VIX-REC,AZUL,M,566
547,Decolar,2018-01-30,2018-02-27,VIX-REC,AZUL,T,
548,Decolar,2018-01-30,2018-02-27,VIX-REC,AZUL,N,469
549,Decolar,2018-02-27,2018-03-27,VIX-REC,TAM,M,548
550,Decolar,2018-02-27,2018-03-27,VIX-REC,TAM,T,476
551,Decolar,2018-02-27,2018-03-27,VIX-REC,TAM,N,553
552,Decolar,2018-02-27,2018-03-27,VIX-REC,GOL,M,930
553,Decolar,2018-02-27,2018-03-27,VIX-REC,GOL,T,-
554,Decolar,2018-02-27,2018-03-27,VIX-REC,GOL,N,641
555,Decolar,2018-02-27,2018-03-27,VIX-REC,AZUL,M,513
556,Decolar,2018-02-27,2018-03-27,VIX-REC,AZUL,T,-
557,Decolar,2018-02-27,2018-03-27,VIX-REC,AZUL,N,641
558,Decolar,2018-03-27,2018-04-24,VIX-REC,TAM,M,519
559,Decolar,2018-03-27,2018-04-24,VIX-REC,TAM,T,519
560,Decolar,2018-03-27,2018-04-24,VIX-REC,TAM,N,519
561,Decolar,2018-03-27,2018-04-24,VIX-REC,GOL,M,558
562,Decolar,2018-03-27,2018-04-24,VIX-REC,GOL,T,-
563,Decolar,2018-03-27,2018-04-24,VIX-REC,GOL,N,487
564,Decolar,2018-03-27,2018-04-24,VIX-REC,AZUL,M,448
565,Decolar,2018-03-27,2018-04-24,VIX-REC,AZUL,T,-
566,Decolar,2018-03-27,2018-04-24,VIX-REC,AZUL,N,487
567,Decolar,2018-04-24,2018-05-29,VIX-REC,TAM,M,421
568,Decolar,2018-04-24,2018-05-29,VIX-REC,TAM,T,421
569,Decolar,2018-04-24,2018-05-29,VIX-REC,TAM,N,421
570,Decolar,2018-04-24,2018-05-29,VIX-REC,GOL,M,866
571,Decolar,2018-04-24,2018-05-29,VIX-REC,GOL,T,
572,Decolar,2018-04-24,2018-05-29,VIX-REC,GOL,N,866
573,Decolar,2018-04-24,2018-05-29,VIX-REC,AZUL,M,485
574,Decolar,2018-04-24,2018-05-29,VIX-REC,AZUL,T,
575,Decolar,2018-04-24,2018-05-29,VIX-REC,AZUL,N,866
576,Decolar,2018-05-29,2018-06-26,VIX-REC,TAM,M,449
577,Decolar,2018-05-29,2018-06-26,VIX-REC,TAM,T,449
578,Decolar,2018-05-29,2018-06-26,VIX-REC,TAM,N,449
579,Decolar,2018-05-29,2018-06-26,VIX-REC,GOL,M,1065
580,Decolar,2018-05-29,2018-06-26,VIX-REC,GOL,T,1065
581,Decolar,2018-05-29,2018-06-26,VIX-REC,GOL,N,-
582,Decolar,2018-05-29,2018-06-26,VIX-REC,AZUL,M,444
583,Decolar,2018-05-29,2018-06-26,VIX-REC,AZUL,T,1065
584,Decolar,2018-05-29,2018-06-26,VIX-REC,AZUL,N,-
585,Decolar,2018-07-31,2018-08-28,VIX-REC,TAM,M,394
586,Decolar,2018-07-31,2018-08-28,VIX-REC,TAM,T,394
587,Decolar,2018-07-31,2018-08-28,VIX-REC,TAM,N,311
588,Decolar,2018-07-31,2018-08-28,VIX-REC,GOL,M,394
589,Decolar,2018-07-31,2018-08-28,VIX-REC,GOL,T,495
590,Decolar,2018-07-31,2018-08-28,VIX-REC,GOL,N,495
591,Decolar,2018-07-31,2018-08-28,VIX-REC,AZUL,M,350
592,Decolar,2018-07-31,2018-08-28,VIX-REC,AZUL,T,495
593,Decolar,2018-07-31,2018-08-28,VIX-REC,AZUL,N,495
594,Decolar,2018-01-30,2018-02-27,VIX-SSA,TAM,M,507
595,Decolar,2018-01-30,2018-02-27,VIX-SSA,TAM,T,507
596,Decolar,2018-01-30,2018-02-27,VIX-SSA,TAM,N,507
597,Decolar,2018-01-30,2018-02-27,VIX-SSA,GOL,M,
598,Decolar,2018-01-30,2018-02-27,VIX-SSA,GOL,T,434
599,Decolar,2018-01-30,2018-02-27,VIX-SSA,GOL,N,678
600,Decolar,2018-01-30,2018-02-27,VIX-SSA,AZUL,M,432
601,Decolar,2018-01-30,2018-02-27,VIX-SSA,AZUL,T,434
602,Decolar,2018-01-30,2018-02-27,VIX-SSA,AZUL,N,678
603,Decolar,2018-02-27,2018-03-27,VIX-SSA,TAM,M,507
604,Decolar,2018-02-27,2018-03-27,VIX-SSA,TAM,T,507
605,Decolar,2018-02-27,2018-03-27,VIX-SSA,TAM,N,534
606,Decolar,2018-02-27,2018-03-27,VIX-SSA,GOL,M,-
607,Decolar,2018-02-27,2018-03-27,VIX-SSA,GOL,T,162
608,Decolar,2018-02-27,2018-03-27,VIX-SSA,GOL,N,594
609,Decolar,2018-02-27,2018-03-27,VIX-SSA,AZUL,M,607
610,Decolar,2018-02-27,2018-03-27,VIX-SSA,AZUL,T,162
611,Decolar,2018-02-27,2018-03-27,VIX-SSA,AZUL,N,594
612,Decolar,2018-03-27,2018-04-24,VIX-SSA,TAM,M,498
613,Decolar,2018-03-27,2018-04-24,VIX-SSA,TAM,T,498
614,Decolar,2018-03-27,2018-04-24,VIX-SSA,TAM,N,498
615,Decolar,2018-03-27,2018-04-24,VIX-SSA,GOL,M,594
616,Decolar,2018-03-27,2018-04-24,VIX-SSA,GOL,T,594
617,Decolar,2018-03-27,2018-04-24,VIX-SSA,GOL,N,594
618,Decolar,2018-03-27,2018-04-24,VIX-SSA,AZUL,M,514
619,Decolar,2018-03-27,2018-04-24,VIX-SSA,AZUL,T,594
620,Decolar,2018-03-27,2018-04-24,VIX-SSA,AZUL,N,594
621,Decolar,2018-04-24,2018-05-29,VIX-SSA,TAM,M,554
622,Decolar,2018-04-24,2018-05-29,VIX-SSA,TAM,T,554
623,Decolar,2018-04-24,2018-05-29,VIX-SSA,TAM,N,608
624,Decolar,2018-04-24,2018-05-29,VIX-SSA,GOL,M,744
625,Decolar,2018-04-24,2018-05-29,VIX-SSA,GOL,T,744
626,Decolar,2018-04-24,2018-05-29,VIX-SSA,GOL,N,744
627,Decolar,2018-04-24,2018-05-29,VIX-SSA,AZUL,M,495
628,Decolar,2018-04-24,2018-05-29,VIX-SSA,AZUL,T,744
629,Decolar,2018-04-24,2018-05-29,VIX-SSA,AZUL,N,744
630,Decolar,2018-05-29,2018-06-26,VIX-SSA,TAM,M,523
631,Decolar,2018-05-29,2018-06-26,VIX-SSA,TAM,T,596
632,Decolar,2018-05-29,2018-06-26,VIX-SSA,TAM,N,664
633,Decolar,2018-05-29,2018-06-26,VIX-SSA,GOL,M,759
634,Decolar,2018-05-29,2018-06-26,VIX-SSA,GOL,T,759
635,Decolar,2018-05-29,2018-06-26,VIX-SSA,GOL,N,759
636,Decolar,2018-05-29,2018-06-26,VIX-SSA,AZUL,M,594
637,Decolar,2018-05-29,2018-06-26,VIX-SSA,AZUL,T,759
638,Decolar,2018-05-29,2018-06-26,VIX-SSA,AZUL,N,759
639,Decolar,2018-07-31,2018-08-28,VIX-SSA,TAM,M,266
640,Decolar,2018-07-31,2018-08-28,VIX-SSA,TAM,T,266
641,Decolar,2018-07-31,2018-08-28,VIX-SSA,TAM,N,310
642,Decolar,2018-07-31,2018-08-28,VIX-SSA,GOL,M,849
643,Decolar,2018-07-31,2018-08-28,VIX-SSA,GOL,T,287
644,Decolar,2018-07-31,2018-08-28,VIX-SSA,GOL,N,849
645,Decolar,2018-07-31,2018-08-28,VIX-SSA,AZUL,M,462
646,Decolar,2018-07-31,2018-08-28,VIX-SSA,AZUL,T,287
647,Decolar,2018-07-31,2018-08-28,VIX-SSA,AZUL,N,849
648,Decolar,2018-01-30,2018-02-27,VIX-POA,TAM,M,421
649,Decolar,2018-01-30,2018-02-27,VIX-POA,TAM,T,421
650,Decolar,2018-01-30,2018-02-27,VIX-POA,TAM,N,513
651,Decolar,2018-01-30,2018-02-27,VIX-POA,GOL,M,461
652,Decolar,2018-01-30,2018-02-27,VIX-POA,GOL,T,338
653,Decolar,2018-01-30,2018-02-27,VIX-POA,GOL,N,461
654,Decolar,2018-01-30,2018-02-27,VIX-POA,AZUL,M,329
655,Decolar,2018-01-30,2018-02-27,VIX-POA,AZUL,T,338
656,Decolar,2018-01-30,2018-02-27,VIX-POA,AZUL,N,461
657,Decolar,2018-02-27,2018-03-27,VIX-POA,TAM,M,495
658,Decolar,2018-02-27,2018-03-27,VIX-POA,TAM,T,283
659,Decolar,2018-02-27,2018-03-27,VIX-POA,TAM,N,465
660,Decolar,2018-02-27,2018-03-27,VIX-POA,GOL,M,283
661,Decolar,2018-02-27,2018-03-27,VIX-POA,GOL,T,283
662,Decolar,2018-02-27,2018-03-27,VIX-POA,GOL,N,283
663,Decolar,2018-02-27,2018-03-27,VIX-POA,AZUL,M,279
664,Decolar,2018-02-27,2018-03-27,VIX-POA,AZUL,T,283
665,Decolar,2018-02-27,2018-03-27,VIX-POA,AZUL,N,283
666,Decolar,2018-03-27,2018-04-24,VIX-POA,TAM,M,279
667,Decolar,2018-03-27,2018-04-24,VIX-POA,TAM,T,279
668,Decolar,2018-03-27,2018-04-24,VIX-POA,TAM,N,279
669,Decolar,2018-03-27,2018-04-24,VIX-POA,GOL,M,283
670,Decolar,2018-03-27,2018-04-24,VIX-POA,GOL,T,283
671,Decolar,2018-03-27,2018-04-24,VIX-POA,GOL,N,400
672,Decolar,2018-03-27,2018-04-24,VIX-POA,AZUL,M,231
673,Decolar,2018-03-27,2018-04-24,VIX-POA,AZUL,T,283
674,Decolar,2018-03-27,2018-04-24,VIX-POA,AZUL,N,400
675,Decolar,2018-04-24,2018-05-29,VIX-POA,TAM,M,255
676,Decolar,2018-04-24,2018-05-29,VIX-POA,TAM,T,255
677,Decolar,2018-04-24,2018-05-29,VIX-POA,TAM,N,524
678,Decolar,2018-04-24,2018-05-29,VIX-POA,GOL,M,251
679,Decolar,2018-04-24,2018-05-29,VIX-POA,GOL,T,251
680,Decolar,2018-04-24,2018-05-29,VIX-POA,GOL,N,251
681,Decolar,2018-04-24,2018-05-29,VIX-POA,AZUL,M,235
682,Decolar,2018-04-24,2018-05-29,VIX-POA,AZUL,T,251
683,Decolar,2018-04-24,2018-05-29,VIX-POA,AZUL,N,251
684,Decolar,2018-05-29,2018-06-26,VIX-POA,TAM,M,269
685,Decolar,2018-05-29,2018-06-26,VIX-POA,TAM,T,269
686,Decolar,2018-05-29,2018-06-26,VIX-POA,TAM,N,269
687,Decolar,2018-05-29,2018-06-26,VIX-POA,GOL,M,281
688,Decolar,2018-05-29,2018-06-26,VIX-POA,GOL,T,281
689,Decolar,2018-05-29,2018-06-26,VIX-POA,GOL,N,281
690,Decolar,2018-05-29,2018-06-26,VIX-POA,AZUL,M,235
691,Decolar,2018-05-29,2018-06-26,VIX-POA,AZUL,T,281
692,Decolar,2018-05-29,2018-06-26,VIX-POA,AZUL,N,281
693,Decolar,2018-07-31,2018-08-28,VIX-POA,TAM,M,200
694,Decolar,2018-07-31,2018-08-28,VIX-POA,TAM,T,200
695,Decolar,2018-07-31,2018-08-28,VIX-POA,TAM,N,468
696,Decolar,2018-07-31,2018-08-28,VIX-POA,GOL,M,397
697,Decolar,2018-07-31,2018-08-28,VIX-POA,GOL,T,397
698,Decolar,2018-07-31,2018-08-28,VIX-POA,GOL,N,397
699,Decolar,2018-07-31,2018-08-28,VIX-POA,AZUL,M,206
700,Decolar,2018-07-31,2018-08-28,VIX-POA,AZUL,T,397
701,Decolar,2018-07-31,2018-08-28,VIX-POA,AZUL,N,397
702,Decolar,2018-01-30,2018-02-27,VIX-BSB,TAM,M,253
703,Decolar,2018-01-30,2018-02-27,VIX-BSB,TAM,T,253
704,Decolar,2018-01-30,2018-02-27,VIX-BSB,TAM,N,253
705,Decolar,2018-01-30,2018-02-27,VIX-BSB,GOL,M,492
706,Decolar,2018-01-30,2018-02-27,VIX-BSB,GOL,T,264
707,Decolar,2018-01-30,2018-02-27,VIX-BSB,GOL,N,264
708,Decolar,2018-01-30,2018-02-27,VIX-BSB,AZUL,M,235
709,Decolar,2018-01-30,2018-02-27,VIX-BSB,AZUL,T,264
710,Decolar,2018-01-30,2018-02-27,VIX-BSB,AZUL,N,264
711,Decolar,2018-02-27,2018-03-27,VIX-BSB,TAM,M,245
712,Decolar,2018-02-27,2018-03-27,VIX-BSB,TAM,T,582
713,Decolar,2018-02-27,2018-03-27,VIX-BSB,TAM,N,245
714,Decolar,2018-02-27,2018-03-27,VIX-BSB,GOL,M,265
715,Decolar,2018-02-27,2018-03-27,VIX-BSB,GOL,T,265
716,Decolar,2018-02-27,2018-03-27,VIX-BSB,GOL,N,265
717,Decolar,2018-02-27,2018-03-27,VIX-BSB,AZUL,M,235
718,Decolar,2018-02-27,2018-03-27,VIX-BSB,AZUL,T,265
719,Decolar,2018-02-27,2018-03-27,VIX-BSB,AZUL,N,265
720,Decolar,2018-03-27,2018-04-24,VIX-BSB,TAM,M,241
721,Decolar,2018-03-27,2018-04-24,VIX-BSB,TAM,T,241
722,Decolar,2018-03-27,2018-04-24,VIX-BSB,TAM,N,241
723,Decolar,2018-03-27,2018-04-24,VIX-BSB,GOL,M,265
724,Decolar,2018-03-27,2018-04-24,VIX-BSB,GOL,T,265
725,Decolar,2018-03-27,2018-04-24,VIX-BSB,GOL,N,311
726,Decolar,2018-03-27,2018-04-24,VIX-BSB,AZUL,M,231
727,Decolar,2018-03-27,2018-04-24,VIX-BSB,AZUL,T,265
728,Decolar,2018-03-27,2018-04-24,VIX-BSB,AZUL,N,311
729,Decolar,2018-04-24,2018-05-29,VIX-BSB,TAM,M,262
730,Decolar,2018-04-24,2018-05-29,VIX-BSB,TAM,T,262
731,Decolar,2018-04-24,2018-05-29,VIX-BSB,TAM,N,262
732,Decolar,2018-04-24,2018-05-29,VIX-BSB,GOL,M,265
733,Decolar,2018-04-24,2018-05-29,VIX-BSB,GOL,T,265
734,Decolar,2018-04-24,2018-05-29,VIX-BSB,GOL,N,265
735,Decolar,2018-04-24,2018-05-29,VIX-BSB,AZUL,M,499
736,Decolar,2018-04-24,2018-05-29,VIX-BSB,AZUL,T,265
737,Decolar,2018-04-24,2018-05-29,VIX-BSB,AZUL,N,265
738,Decolar,2018-05-29,2018-06-26,VIX-BSB,TAM,M,278
739,Decolar,2018-05-29,2018-06-26,VIX-BSB,TAM,T,278
740,Decolar,2018-05-29,2018-06-26,VIX-BSB,TAM,N,278
741,Decolar,2018-05-29,2018-06-26,VIX-BSB,GOL,M,320
742,Decolar,2018-05-29,2018-06-26,VIX-BSB,GOL,T,320
743,Decolar,2018-05-29,2018-06-26,VIX-BSB,GOL,N,320
744,Decolar,2018-05-29,2018-06-26,VIX-BSB,AZUL,M,264
745,Decolar,2018-05-29,2018-06-26,VIX-BSB,AZUL,T,320
746,Decolar,2018-05-29,2018-06-26,VIX-BSB,AZUL,N,320
747,Decolar,2018-07-31,2018-08-28,VIX-BSB,TAM,M,208
748,Decolar,2018-07-31,2018-08-28,VIX-BSB,TAM,T,265
749,Decolar,2018-07-31,2018-08-28,VIX-BSB,TAM,N,208
750,Decolar,2018-07-31,2018-08-28,VIX-BSB,GOL,M,417
751,Decolar,2018-07-31,2018-08-28,VIX-BSB,GOL,T,417
752,Decolar,2018-07-31,2018-08-28,VIX-BSB,GOL,N,417
753,Decolar,2018-07-31,2018-08-28,VIX-BSB,AZUL,M,187
754,Decolar,2018-07-31,2018-08-28,VIX-BSB,AZUL,T,417
755,Decolar,2018-07-31,2018-08-28,VIX-BSB,AZUL,N,417
756,ViajaNet,2018-01-30,2018-02-27,VIX-SAO,TAM,M,238
757,ViajaNet,2018-01-30,2018-02-27,VIX-SAO,TAM,T,237
758,ViajaNet,2018-01-30,2018-02-27,VIX-SAO,TAM,N,237
759,ViajaNet,2018-01-30,2018-02-27,VIX-SAO,GOL,M,236
760,ViajaNet,2018-01-30,2018-02-27,VIX-SAO,GOL,T,395
761,ViajaNet,2018-01-30,2018-02-27,VIX-SAO,GOL,N,372
762,ViajaNet,2018-01-30,2018-02-27,VIX-SAO,AZUL,M,262
763,ViajaNet,2018-01-30,2018-02-27,VIX-SAO,AZUL,T,227
764,ViajaNet,2018-01-30,2018-02-27,VIX-SAO,AZUL,N,212
765,ViajaNet,2018-02-27,2018-03-27,VIX-SAO,TAM,M,258
766,ViajaNet,2018-02-27,2018-03-27,VIX-SAO,TAM,T,201
767,ViajaNet,2018-02-27,2018-03-27,VIX-SAO,TAM,N,201
768,ViajaNet,2018-02-27,2018-03-27,VIX-SAO,GOL,M,222
769,ViajaNet,2018-02-27,2018-03-27,VIX-SAO,GOL,T,222
770,ViajaNet,2018-02-27,2018-03-27,VIX-SAO,GOL,N,237
771,ViajaNet,2018-02-27,2018-03-27,VIX-SAO,AZUL,M,254
772,ViajaNet,2018-02-27,2018-03-27,VIX-SAO,AZUL,T,204
773,ViajaNet,2018-02-27,2018-03-27,VIX-SAO,AZUL,N,254
774,ViajaNet,2018-03-27,2018-04-24,VIX-SAO,TAM,M,253
775,ViajaNet,2018-03-27,2018-04-24,VIX-SAO,TAM,T,188
776,ViajaNet,2018-03-27,2018-04-24,VIX-SAO,TAM,N,188
777,ViajaNet,2018-03-27,2018-04-24,VIX-SAO,GOL,M,209
778,ViajaNet,2018-03-27,2018-04-24,VIX-SAO,GOL,T,253
779,ViajaNet,2018-03-27,2018-04-24,VIX-SAO,GOL,N,253
780,ViajaNet,2018-03-27,2018-04-24,VIX-SAO,AZUL,M,234
781,ViajaNet,2018-03-27,2018-04-24,VIX-SAO,AZUL,T,199
782,ViajaNet,2018-03-27,2018-04-24,VIX-SAO,AZUL,N,234
783,ViajaNet,2018-04-24,2018-05-29,VIX-SAO,TAM,M,
784,ViajaNet,2018-04-24,2018-05-29,VIX-SAO,TAM,T,
785,ViajaNet,2018-04-24,2018-05-29,VIX-SAO,TAM,N,
786,ViajaNet,2018-04-24,2018-05-29,VIX-SAO,GOL,M,206
787,ViajaNet,2018-04-24,2018-05-29,VIX-SAO,GOL,T,219
788,ViajaNet,2018-04-24,2018-05-29,VIX-SAO,GOL,N,219
789,ViajaNet,2018-04-24,2018-05-29,VIX-SAO,AZUL,M,206
790,ViajaNet,2018-04-24,2018-05-29,VIX-SAO,AZUL,T,177
791,ViajaNet,2018-04-24,2018-05-29,VIX-SAO,AZUL,N,206
792,ViajaNet,2018-05-29,2018-06-26,VIX-SAO,TAM,M,209
793,ViajaNet,2018-05-29,2018-06-26,VIX-SAO,TAM,T,207
794,ViajaNet,2018-05-29,2018-06-26,VIX-SAO,TAM,N,207
795,ViajaNet,2018-05-29,2018-06-26,VIX-SAO,GOL,M,208
796,ViajaNet,2018-05-29,2018-06-26,VIX-SAO,GOL,T,-
797,ViajaNet,2018-05-29,2018-06-26,VIX-SAO,GOL,N,-
798,ViajaNet,2018-05-29,2018-06-26,VIX-SAO,AZUL,M,244
799,ViajaNet,2018-05-29,2018-06-26,VIX-SAO,AZUL,T,197
800,ViajaNet,2018-05-29,2018-06-26,VIX-SAO,AZUL,N,244
801,ViajaNet,2018-07-31,2018-08-28,VIX-SAO,TAM,M,207
802,ViajaNet,2018-07-31,2018-08-28,VIX-SAO,TAM,T,207
803,ViajaNet,2018-07-31,2018-08-28,VIX-SAO,TAM,N,305
804,ViajaNet,2018-07-31,2018-08-28,VIX-SAO,GOL,M,272
805,ViajaNet,2018-07-31,2018-08-28,VIX-SAO,GOL,T,305
806,ViajaNet,2018-07-31,2018-08-28,VIX-SAO,GOL,N,207
807,ViajaNet,2018-07-31,2018-08-28,VIX-SAO,AZUL,M,264
808,ViajaNet,2018-07-31,2018-08-28,VIX-SAO,AZUL,T,214
809,ViajaNet,2018-07-31,2018-08-28,VIX-SAO,AZUL,N,274
810,ViajaNet,2018-01-30,2018-02-27,VIX-BHZ,TAM,M,190
811,ViajaNet,2018-01-30,2018-02-27,VIX-BHZ,TAM,T,190
812,ViajaNet,2018-01-30,2018-02-27,VIX-BHZ,TAM,N,524
813,ViajaNet,2018-01-30,2018-02-27,VIX-BHZ,GOL,M,425
814,ViajaNet,2018-01-30,2018-02-27,VIX-BHZ,GOL,T,
815,ViajaNet,2018-01-30,2018-02-27,VIX-BHZ,GOL,N,385
816,ViajaNet,2018-01-30,2018-02-27,VIX-BHZ,AZUL,M,192
817,ViajaNet,2018-01-30,2018-02-27,VIX-BHZ,AZUL,T,192
818,ViajaNet,2018-01-30,2018-02-27,VIX-BHZ,AZUL,N,246
819,ViajaNet,2018-02-27,2018-03-27,VIX-BHZ,TAM,M,178
820,ViajaNet,2018-02-27,2018-03-27,VIX-BHZ,TAM,T,178
821,ViajaNet,2018-02-27,2018-03-27,VIX-BHZ,TAM,N,178
822,ViajaNet,2018-02-27,2018-03-27,VIX-BHZ,GOL,M,966
823,ViajaNet,2018-02-27,2018-03-27,VIX-BHZ,GOL,T,-
824,ViajaNet,2018-02-27,2018-03-27,VIX-BHZ,GOL,N,215
825,ViajaNet,2018-02-27,2018-03-27,VIX-BHZ,AZUL,M,246
826,ViajaNet,2018-02-27,2018-03-27,VIX-BHZ,AZUL,T,246
827,ViajaNet,2018-02-27,2018-03-27,VIX-BHZ,AZUL,N,246
828,ViajaNet,2018-03-27,2018-04-24,VIX-BHZ,TAM,M,178
829,ViajaNet,2018-03-27,2018-04-24,VIX-BHZ,TAM,T,178
830,ViajaNet,2018-03-27,2018-04-24,VIX-BHZ,TAM,N,178
831,ViajaNet,2018-03-27,2018-04-24,VIX-BHZ,GOL,M,288
832,ViajaNet,2018-03-27,2018-04-24,VIX-BHZ,GOL,T,289
833,ViajaNet,2018-03-27,2018-04-24,VIX-BHZ,GOL,N,289
834,ViajaNet,2018-03-27,2018-04-24,VIX-BHZ,AZUL,M,246
835,ViajaNet,2018-03-27,2018-04-24,VIX-BHZ,AZUL,T,179
836,ViajaNet,2018-03-27,2018-04-24,VIX-BHZ,AZUL,N,246
837,ViajaNet,2018-04-24,2018-05-29,VIX-BHZ,TAM,M,
838,ViajaNet,2018-04-24,2018-05-29,VIX-BHZ,TAM,T,
839,ViajaNet,2018-04-24,2018-05-29,VIX-BHZ,TAM,N,
840,ViajaNet,2018-04-24,2018-05-29,VIX-BHZ,GOL,M,311
841,ViajaNet,2018-04-24,2018-05-29,VIX-BHZ,GOL,T,215
842,ViajaNet,2018-04-24,2018-05-29,VIX-BHZ,GOL,N,215
843,ViajaNet,2018-04-24,2018-05-29,VIX-BHZ,AZUL,M,217
844,ViajaNet,2018-04-24,2018-05-29,VIX-BHZ,AZUL,T,191
845,ViajaNet,2018-04-24,2018-05-29,VIX-BHZ,AZUL,N,191
846,ViajaNet,2018-05-29,2018-06-26,VIX-BHZ,TAM,M,213
847,ViajaNet,2018-05-29,2018-06-26,VIX-BHZ,TAM,T,199
848,ViajaNet,2018-05-29,2018-06-26,VIX-BHZ,TAM,N,199
849,ViajaNet,2018-05-29,2018-06-26,VIX-BHZ,GOL,M,215
850,ViajaNet,2018-05-29,2018-06-26,VIX-BHZ,GOL,T,189
851,ViajaNet,2018-05-29,2018-06-26,VIX-BHZ,GOL,N,189
852,ViajaNet,2018-05-29,2018-06-26,VIX-BHZ,AZUL,M,239
853,ViajaNet,2018-05-29,2018-06-26,VIX-BHZ,AZUL,T,287
854,ViajaNet,2018-05-29,2018-06-26,VIX-BHZ,AZUL,N,239
855,ViajaNet,2018-07-31,2018-08-28,VIX-BHZ,TAM,M,195
856,ViajaNet,2018-07-31,2018-08-28,VIX-BHZ,TAM,T,195
857,ViajaNet,2018-07-31,2018-08-28,VIX-BHZ,TAM,N,345
858,ViajaNet,2018-07-31,2018-08-28,VIX-BHZ,GOL,M,281
859,ViajaNet,2018-07-31,2018-08-28,VIX-BHZ,GOL,T,281
860,ViajaNet,2018-07-31,2018-08-28,VIX-BHZ,GOL,N,281
861,ViajaNet,2018-07-31,2018-08-28,VIX-BHZ,AZUL,M,291
862,ViajaNet,2018-07-31,2018-08-28,VIX-BHZ,AZUL,T,202
863,ViajaNet,2018-07-31,2018-08-28,VIX-BHZ,AZUL,N,202
864,ViajaNet,2018-01-30,2018-02-27,VIX-RIO,TAM,M,326
865,ViajaNet,2018-01-30,2018-02-27,VIX-RIO,TAM,T,326
866,ViajaNet,2018-01-30,2018-02-27,VIX-RIO,TAM,N,348
867,ViajaNet,2018-01-30,2018-02-27,VIX-RIO,GOL,M,283
868,ViajaNet,2018-01-30,2018-02-27,VIX-RIO,GOL,T,-
869,ViajaNet,2018-01-30,2018-02-27,VIX-RIO,GOL,N,283
870,ViajaNet,2018-01-30,2018-02-27,VIX-RIO,AZUL,M,274
871,ViajaNet,2018-01-30,2018-02-27,VIX-RIO,AZUL,T,274
872,ViajaNet,2018-01-30,2018-02-27,VIX-RIO,AZUL,N,274
873,ViajaNet,2018-02-27,2018-03-27,VIX-RIO,TAM,M,255
874,ViajaNet,2018-02-27,2018-03-27,VIX-RIO,TAM,T,200
875,ViajaNet,2018-02-27,2018-03-27,VIX-RIO,TAM,N,1989
876,ViajaNet,2018-02-27,2018-03-27,VIX-RIO,GOL,M,254
877,ViajaNet,2018-02-27,2018-03-27,VIX-RIO,GOL,T,-
878,ViajaNet,2018-02-27,2018-03-27,VIX-RIO,GOL,N,199
879,ViajaNet,2018-02-27,2018-03-27,VIX-RIO,AZUL,M,189
880,ViajaNet,2018-02-27,2018-03-27,VIX-RIO,AZUL,T,189
881,ViajaNet,2018-02-27,2018-03-27,VIX-RIO,AZUL,N,229
882,ViajaNet,2018-03-27,2018-04-24,VIX-RIO,TAM,M,299
883,ViajaNet,2018-03-27,2018-04-24,VIX-RIO,TAM,T,200
884,ViajaNet,2018-03-27,2018-04-24,VIX-RIO,TAM,N,894
885,ViajaNet,2018-03-27,2018-04-24,VIX-RIO,GOL,M,334
886,ViajaNet,2018-03-27,2018-04-24,VIX-RIO,GOL,T,358
887,ViajaNet,2018-03-27,2018-04-24,VIX-RIO,GOL,N,334
888,ViajaNet,2018-03-27,2018-04-24,VIX-RIO,AZUL,M,189
889,ViajaNet,2018-03-27,2018-04-24,VIX-RIO,AZUL,T,189
890,ViajaNet,2018-03-27,2018-04-24,VIX-RIO,AZUL,N,189
891,ViajaNet,2018-04-24,2018-05-29,VIX-RIO,TAM,M,
892,ViajaNet,2018-04-24,2018-05-29,VIX-RIO,TAM,T,
893,ViajaNet,2018-04-24,2018-05-29,VIX-RIO,TAM,N,
894,ViajaNet,2018-04-24,2018-05-29,VIX-RIO,GOL,M,228
895,ViajaNet,2018-04-24,2018-05-29,VIX-RIO,GOL,T,234
896,ViajaNet,2018-04-24,2018-05-29,VIX-RIO,GOL,N,228
897,ViajaNet,2018-04-24,2018-05-29,VIX-RIO,AZUL,M,198
898,ViajaNet,2018-04-24,2018-05-29,VIX-RIO,AZUL,T,163
899,ViajaNet,2018-04-24,2018-05-29,VIX-RIO,AZUL,N,163
900,ViajaNet,2018-05-29,2018-06-26,VIX-RIO,TAM,M,248
901,ViajaNet,2018-05-29,2018-06-26,VIX-RIO,TAM,T,248
902,ViajaNet,2018-05-29,2018-06-26,VIX-RIO,TAM,N,248
903,ViajaNet,2018-05-29,2018-06-26,VIX-RIO,GOL,M,214
904,ViajaNet,2018-05-29,2018-06-26,VIX-RIO,GOL,T,214
905,ViajaNet,2018-05-29,2018-06-26,VIX-RIO,GOL,N,214
906,ViajaNet,2018-05-29,2018-06-26,VIX-RIO,AZUL,M,264
907,ViajaNet,2018-05-29,2018-06-26,VIX-RIO,AZUL,T,171
908,ViajaNet,2018-05-29,2018-06-26,VIX-RIO,AZUL,N,171
909,ViajaNet,2018-07-31,2018-08-28,VIX-RIO,TAM,M,298
910,ViajaNet,2018-07-31,2018-08-28,VIX-RIO,TAM,T,298
911,ViajaNet,2018-07-31,2018-08-28,VIX-RIO,TAM,N,298
912,ViajaNet,2018-07-31,2018-08-28,VIX-RIO,GOL,M,249
913,ViajaNet,2018-07-31,2018-08-28,VIX-RIO,GOL,T,249
914,ViajaNet,2018-07-31,2018-08-28,VIX-RIO,GOL,N,249
915,ViajaNet,2018-07-31,2018-08-28,VIX-RIO,AZUL,M,256
916,ViajaNet,2018-07-31,2018-08-28,VIX-RIO,AZUL,T,306
917,ViajaNet,2018-07-31,2018-08-28,VIX-RIO,AZUL,N,239
918,ViajaNet,2018-01-30,2018-02-27,VIX-REC,TAM,M,473
919,ViajaNet,2018-01-30,2018-02-27,VIX-REC,TAM,T,444
920,ViajaNet,2018-01-30,2018-02-27,VIX-REC,TAM,N,444
921,ViajaNet,2018-01-30,2018-02-27,VIX-REC,GOL,M,565
922,ViajaNet,2018-01-30,2018-02-27,VIX-REC,GOL,T,
923,ViajaNet,2018-01-30,2018-02-27,VIX-REC,GOL,N,469
924,ViajaNet,2018-01-30,2018-02-27,VIX-REC,AZUL,M,441
925,ViajaNet,2018-01-30,2018-02-27,VIX-REC,AZUL,T,441
926,ViajaNet,2018-01-30,2018-02-27,VIX-REC,AZUL,N,441
927,ViajaNet,2018-02-27,2018-03-27,VIX-REC,TAM,M,547
928,ViajaNet,2018-02-27,2018-03-27,VIX-REC,TAM,T,476
929,ViajaNet,2018-02-27,2018-03-27,VIX-REC,TAM,N,2227
930,ViajaNet,2018-02-27,2018-03-27,VIX-REC,GOL,M,930
931,ViajaNet,2018-02-27,2018-03-27,VIX-REC,GOL,T,-
932,ViajaNet,2018-02-27,2018-03-27,VIX-REC,GOL,N,640
933,ViajaNet,2018-02-27,2018-03-27,VIX-REC,AZUL,M,513
934,ViajaNet,2018-02-27,2018-03-27,VIX-REC,AZUL,T,513
935,ViajaNet,2018-02-27,2018-03-27,VIX-REC,AZUL,N,513
936,ViajaNet,2018-03-27,2018-04-24,VIX-REC,TAM,M,527
937,ViajaNet,2018-03-27,2018-04-24,VIX-REC,TAM,T,527
938,ViajaNet,2018-03-27,2018-04-24,VIX-REC,TAM,N,527
939,ViajaNet,2018-03-27,2018-04-24,VIX-REC,GOL,M,558
940,ViajaNet,2018-03-27,2018-04-24,VIX-REC,GOL,T,-
941,ViajaNet,2018-03-27,2018-04-24,VIX-REC,GOL,N,486
942,ViajaNet,2018-03-27,2018-04-24,VIX-REC,AZUL,M,456
943,ViajaNet,2018-03-27,2018-04-24,VIX-REC,AZUL,T,505
944,ViajaNet,2018-03-27,2018-04-24,VIX-REC,AZUL,N,505
945,ViajaNet,2018-04-24,2018-05-29,VIX-REC,TAM,M,
946,ViajaNet,2018-04-24,2018-05-29,VIX-REC,TAM,T,
947,ViajaNet,2018-04-24,2018-05-29,VIX-REC,TAM,N,
948,ViajaNet,2018-04-24,2018-05-29,VIX-REC,GOL,M,866
949,ViajaNet,2018-04-24,2018-05-29,VIX-REC,GOL,T,
950,ViajaNet,2018-04-24,2018-05-29,VIX-REC,GOL,N,866
951,ViajaNet,2018-04-24,2018-05-29,VIX-REC,AZUL,M,416
952,ViajaNet,2018-04-24,2018-05-29,VIX-REC,AZUL,T,416
953,ViajaNet,2018-04-24,2018-05-29,VIX-REC,AZUL,N,416
954,ViajaNet,2018-05-29,2018-06-26,VIX-REC,TAM,M,449
955,ViajaNet,2018-05-29,2018-06-26,VIX-REC,TAM,T,449
956,ViajaNet,2018-05-29,2018-06-26,VIX-REC,TAM,N,449
957,ViajaNet,2018-05-29,2018-06-26,VIX-REC,GOL,M,1196
958,ViajaNet,2018-05-29,2018-06-26,VIX-REC,GOL,T,1256
959,ViajaNet,2018-05-29,2018-06-26,VIX-REC,GOL,N,1196
960,ViajaNet,2018-05-29,2018-06-26,VIX-REC,AZUL,M,444
961,ViajaNet,2018-05-29,2018-06-26,VIX-REC,AZUL,T,484
962,ViajaNet,2018-05-29,2018-06-26,VIX-REC,AZUL,N,497
963,ViajaNet,2018-07-31,2018-08-28,VIX-REC,TAM,M,459
964,ViajaNet,2018-07-31,2018-08-28,VIX-REC,TAM,T,459
965,ViajaNet,2018-07-31,2018-08-28,VIX-REC,TAM,N,376
966,ViajaNet,2018-07-31,2018-08-28,VIX-REC,GOL,M,458
967,ViajaNet,2018-07-31,2018-08-28,VIX-REC,GOL,T,
968,ViajaNet,2018-07-31,2018-08-28,VIX-REC,GOL,N,569
969,ViajaNet,2018-07-31,2018-08-28,VIX-REC,AZUL,M,421
970,ViajaNet,2018-07-31,2018-08-28,VIX-REC,AZUL,T,461
971,ViajaNet,2018-07-31,2018-08-28,VIX-REC,AZUL,N,461
972,ViajaNet,2018-01-30,2018-02-27,VIX-SSA,TAM,M,506
973,ViajaNet,2018-01-30,2018-02-27,VIX-SSA,TAM,T,506
974,ViajaNet,2018-01-30,2018-02-27,VIX-SSA,TAM,N,506
975,ViajaNet,2018-01-30,2018-02-27,VIX-SSA,GOL,M,
976,ViajaNet,2018-01-30,2018-02-27,VIX-SSA,GOL,T,433
977,ViajaNet,2018-01-30,2018-02-27,VIX-SSA,GOL,N,678
978,ViajaNet,2018-01-30,2018-02-27,VIX-SSA,AZUL,M,431
979,ViajaNet,2018-01-30,2018-02-27,VIX-SSA,AZUL,T,431
980,ViajaNet,2018-01-30,2018-02-27,VIX-SSA,AZUL,N,
981,ViajaNet,2018-02-27,2018-03-27,VIX-SSA,TAM,M,506
982,ViajaNet,2018-02-27,2018-03-27,VIX-SSA,TAM,T,506
983,ViajaNet,2018-02-27,2018-03-27,VIX-SSA,TAM,N,2644
984,ViajaNet,2018-02-27,2018-03-27,VIX-SSA,GOL,M,593
985,ViajaNet,2018-02-27,2018-03-27,VIX-SSA,GOL,T,162
986,ViajaNet,2018-02-27,2018-03-27,VIX-SSA,GOL,N,593
987,ViajaNet,2018-02-27,2018-03-27,VIX-SSA,AZUL,M,483
988,ViajaNet,2018-02-27,2018-03-27,VIX-SSA,AZUL,T,483
989,ViajaNet,2018-02-27,2018-03-27,VIX-SSA,AZUL,N,-
990,ViajaNet,2018-03-27,2018-04-24,VIX-SSA,TAM,M,506
991,ViajaNet,2018-03-27,2018-04-24,VIX-SSA,TAM,T,506
992,ViajaNet,2018-03-27,2018-04-24,VIX-SSA,TAM,N,506
993,ViajaNet,2018-03-27,2018-04-24,VIX-SSA,GOL,M,593
994,ViajaNet,2018-03-27,2018-04-24,VIX-SSA,GOL,T,593
995,ViajaNet,2018-03-27,2018-04-24,VIX-SSA,GOL,N,593
996,ViajaNet,2018-03-27,2018-04-24,VIX-SSA,AZUL,M,483
997,ViajaNet,2018-03-27,2018-04-24,VIX-SSA,AZUL,T,431
998,ViajaNet,2018-03-27,2018-04-24,VIX-SSA,AZUL,N,431
999,ViajaNet,2018-04-24,2018-05-29,VIX-SSA,TAM,M,
1000,ViajaNet,2018-04-24,2018-05-29,VIX-SSA,TAM,T,
1001,ViajaNet,2018-04-24,2018-05-29,VIX-SSA,TAM,N,
1002,ViajaNet,2018-04-24,2018-05-29,VIX-SSA,GOL,M,744
1003,ViajaNet,2018-04-24,2018-05-29,VIX-SSA,GOL,T,744
1004,ViajaNet,2018-04-24,2018-05-29,VIX-SSA,GOL,N,744
1005,ViajaNet,2018-04-24,2018-05-29,VIX-SSA,AZUL,M,494
1006,ViajaNet,2018-04-24,2018-05-29,VIX-SSA,AZUL,T,554
1007,ViajaNet,2018-04-24,2018-05-29,VIX-SSA,AZUL,N,704
1008,ViajaNet,2018-05-29,2018-06-26,VIX-SSA,TAM,M,523
1009,ViajaNet,2018-05-29,2018-06-26,VIX-SSA,TAM,T,595
1010,ViajaNet,2018-05-29,2018-06-26,VIX-SSA,TAM,N,713
1011,ViajaNet,2018-05-29,2018-06-26,VIX-SSA,GOL,M,819
1012,ViajaNet,2018-05-29,2018-06-26,VIX-SSA,GOL,T,758
1013,ViajaNet,2018-05-29,2018-06-26,VIX-SSA,GOL,N,758
1014,ViajaNet,2018-05-29,2018-06-26,VIX-SSA,AZUL,M,565
1015,ViajaNet,2018-05-29,2018-06-26,VIX-SSA,AZUL,T,565
1016,ViajaNet,2018-05-29,2018-06-26,VIX-SSA,AZUL,N,708
1017,ViajaNet,2018-07-31,2018-08-28,VIX-SSA,TAM,M,331
1018,ViajaNet,2018-07-31,2018-08-28,VIX-SSA,TAM,T,331
1019,ViajaNet,2018-07-31,2018-08-28,VIX-SSA,TAM,N,375
1020,ViajaNet,2018-07-31,2018-08-28,VIX-SSA,GOL,M,958
1021,ViajaNet,2018-07-31,2018-08-28,VIX-SSA,GOL,T,352
1022,ViajaNet,2018-07-31,2018-08-28,VIX-SSA,GOL,N,958
1023,ViajaNet,2018-07-31,2018-08-28,VIX-SSA,AZUL,M,539
1024,ViajaNet,2018-07-31,2018-08-28,VIX-SSA,AZUL,T,344
1025,ViajaNet,2018-07-31,2018-08-28,VIX-SSA,AZUL,N,
1026,ViajaNet,2018-01-30,2018-02-27,VIX-POA,TAM,M,421
1027,ViajaNet,2018-01-30,2018-02-27,VIX-POA,TAM,T,421
1028,ViajaNet,2018-01-30,2018-02-27,VIX-POA,TAM,N,513
1029,ViajaNet,2018-01-30,2018-02-27,VIX-POA,GOL,M,460
1030,ViajaNet,2018-01-30,2018-02-27,VIX-POA,GOL,T,337
1031,ViajaNet,2018-01-30,2018-02-27,VIX-POA,GOL,N,460
1032,ViajaNet,2018-01-30,2018-02-27,VIX-POA,AZUL,M,328
1033,ViajaNet,2018-01-30,2018-02-27,VIX-POA,AZUL,T,328
1034,ViajaNet,2018-01-30,2018-02-27,VIX-POA,AZUL,N,328
1035,ViajaNet,2018-02-27,2018-03-27,VIX-POA,TAM,M,283
1036,ViajaNet,2018-02-27,2018-03-27,VIX-POA,TAM,T,283
1037,ViajaNet,2018-02-27,2018-03-27,VIX-POA,TAM,N,896
1038,ViajaNet,2018-02-27,2018-03-27,VIX-POA,GOL,M,282
1039,ViajaNet,2018-02-27,2018-03-27,VIX-POA,GOL,T,282
1040,ViajaNet,2018-02-27,2018-03-27,VIX-POA,GOL,N,282
1041,ViajaNet,2018-02-27,2018-03-27,VIX-POA,AZUL,M,272
1042,ViajaNet,2018-02-27,2018-03-27,VIX-POA,AZUL,T,272
1043,ViajaNet,2018-02-27,2018-03-27,VIX-POA,AZUL,N,278
1044,ViajaNet,2018-03-27,2018-04-24,VIX-POA,TAM,M,283
1045,ViajaNet,2018-03-27,2018-04-24,VIX-POA,TAM,T,283
1046,ViajaNet,2018-03-27,2018-04-24,VIX-POA,TAM,N,283
1047,ViajaNet,2018-03-27,2018-04-24,VIX-POA,GOL,M,282
1048,ViajaNet,2018-03-27,2018-04-24,VIX-POA,GOL,T,282
1049,ViajaNet,2018-03-27,2018-04-24,VIX-POA,GOL,N,-
1050,ViajaNet,2018-03-27,2018-04-24,VIX-POA,AZUL,M,234
1051,ViajaNet,2018-03-27,2018-04-24,VIX-POA,AZUL,T,244
1052,ViajaNet,2018-03-27,2018-04-24,VIX-POA,AZUL,N,250
1053,ViajaNet,2018-04-24,2018-05-29,VIX-POA,TAM,M,
1054,ViajaNet,2018-04-24,2018-05-29,VIX-POA,TAM,T,
1055,ViajaNet,2018-04-24,2018-05-29,VIX-POA,TAM,N,
1056,ViajaNet,2018-04-24,2018-05-29,VIX-POA,GOL,M,250
1057,ViajaNet,2018-04-24,2018-05-29,VIX-POA,GOL,T,250
1058,ViajaNet,2018-04-24,2018-05-29,VIX-POA,GOL,N,250
1059,ViajaNet,2018-04-24,2018-05-29,VIX-POA,AZUL,M,229
1060,ViajaNet,2018-04-24,2018-05-29,VIX-POA,AZUL,T,229
1061,ViajaNet,2018-04-24,2018-05-29,VIX-POA,AZUL,N,229
1062,ViajaNet,2018-05-29,2018-06-26,VIX-POA,TAM,M,268
1063,ViajaNet,2018-05-29,2018-06-26,VIX-POA,TAM,T,268
1064,ViajaNet,2018-05-29,2018-06-26,VIX-POA,TAM,N,496
1065,ViajaNet,2018-05-29,2018-06-26,VIX-POA,GOL,M,-
1066,ViajaNet,2018-05-29,2018-06-26,VIX-POA,GOL,T,-
1067,ViajaNet,2018-05-29,2018-06-26,VIX-POA,GOL,N,-
1068,ViajaNet,2018-05-29,2018-06-26,VIX-POA,AZUL,M,234
1069,ViajaNet,2018-05-29,2018-06-26,VIX-POA,AZUL,T,246
1070,ViajaNet,2018-05-29,2018-06-26,VIX-POA,AZUL,N,246
1071,ViajaNet,2018-07-31,2018-08-28,VIX-POA,TAM,M,265
1072,ViajaNet,2018-07-31,2018-08-28,VIX-POA,TAM,T,265
1073,ViajaNet,2018-07-31,2018-08-28,VIX-POA,TAM,N,539
1074,ViajaNet,2018-07-31,2018-08-28,VIX-POA,GOL,M,461
1075,ViajaNet,2018-07-31,2018-08-28,VIX-POA,GOL,T,461
1076,ViajaNet,2018-07-31,2018-08-28,VIX-POA,GOL,N,461
1077,ViajaNet,2018-07-31,2018-08-28,VIX-POA,AZUL,M,277
1078,ViajaNet,2018-07-31,2018-08-28,VIX-POA,AZUL,T,277
1079,ViajaNet,2018-07-31,2018-08-28,VIX-POA,AZUL,N,271
1080,ViajaNet,2018-01-30,2018-02-27,VIX-BSB,TAM,M,252
1081,ViajaNet,2018-01-30,2018-02-27,VIX-BSB,TAM,T,252
1082,ViajaNet,2018-01-30,2018-02-27,VIX-BSB,TAM,N,252
1083,ViajaNet,2018-01-30,2018-02-27,VIX-BSB,GOL,M,507
1084,ViajaNet,2018-01-30,2018-02-27,VIX-BSB,GOL,T,263
1085,ViajaNet,2018-01-30,2018-02-27,VIX-BSB,GOL,N,263
1086,ViajaNet,2018-01-30,2018-02-27,VIX-BSB,AZUL,M,234
1087,ViajaNet,2018-01-30,2018-02-27,VIX-BSB,AZUL,T,229
1088,ViajaNet,2018-01-30,2018-02-27,VIX-BSB,AZUL,N,234
1089,ViajaNet,2018-02-27,2018-03-27,VIX-BSB,TAM,M,244
1090,ViajaNet,2018-02-27,2018-03-27,VIX-BSB,TAM,T,245
1091,ViajaNet,2018-02-27,2018-03-27,VIX-BSB,TAM,N,244
1092,ViajaNet,2018-02-27,2018-03-27,VIX-BSB,GOL,M,265
1093,ViajaNet,2018-02-27,2018-03-27,VIX-BSB,GOL,T,265
1094,ViajaNet,2018-02-27,2018-03-27,VIX-BSB,GOL,N,265
1095,ViajaNet,2018-02-27,2018-03-27,VIX-BSB,AZUL,M,234
1096,ViajaNet,2018-02-27,2018-03-27,VIX-BSB,AZUL,T,229
1097,ViajaNet,2018-02-27,2018-03-27,VIX-BSB,AZUL,N,234
1098,ViajaNet,2018-03-27,2018-04-24,VIX-BSB,TAM,M,244
1099,ViajaNet,2018-03-27,2018-04-24,VIX-BSB,TAM,T,245
1100,ViajaNet,2018-03-27,2018-04-24,VIX-BSB,TAM,N,244
1101,ViajaNet,2018-03-27,2018-04-24,VIX-BSB,GOL,M,265
1102,ViajaNet,2018-03-27,2018-04-24,VIX-BSB,GOL,T,265
1103,ViajaNet,2018-03-27,2018-04-24,VIX-BSB,GOL,N,310
1104,ViajaNet,2018-03-27,2018-04-24,VIX-BSB,AZUL,M,234
1105,ViajaNet,2018-03-27,2018-04-24,VIX-BSB,AZUL,T,229
1106,ViajaNet,2018-03-27,2018-04-24,VIX-BSB,AZUL,N,234
1107,ViajaNet,2018-04-24,2018-05-29,VIX-BSB,TAM,M,
1108,ViajaNet,2018-04-24,2018-05-29,VIX-BSB,TAM,T,
1109,ViajaNet,2018-04-24,2018-05-29,VIX-BSB,TAM,N,
1110,ViajaNet,2018-04-24,2018-05-29,VIX-BSB,GOL,M,265
1111,ViajaNet,2018-04-24,2018-05-29,VIX-BSB,GOL,T,265
1112,ViajaNet,2018-04-24,2018-05-29,VIX-BSB,GOL,N,265
1113,ViajaNet,2018-04-24,2018-05-29,VIX-BSB,AZUL,M,255
1114,ViajaNet,2018-04-24,2018-05-29,VIX-BSB,AZUL,T,238
1115,ViajaNet,2018-04-24,2018-05-29,VIX-BSB,AZUL,N,238
1116,ViajaNet,2018-05-29,2018-06-26,VIX-BSB,TAM,M,213
1117,ViajaNet,2018-05-29,2018-06-26,VIX-BSB,TAM,T,213
1118,ViajaNet,2018-05-29,2018-06-26,VIX-BSB,TAM,N,213
1119,ViajaNet,2018-05-29,2018-06-26,VIX-BSB,GOL,M,329
1120,ViajaNet,2018-05-29,2018-06-26,VIX-BSB,GOL,T,329
1121,ViajaNet,2018-05-29,2018-06-26,VIX-BSB,GOL,N,329
1122,ViajaNet,2018-05-29,2018-06-26,VIX-BSB,AZUL,M,263
1123,ViajaNet,2018-05-29,2018-06-26,VIX-BSB,AZUL,T,267
1124,ViajaNet,2018-05-29,2018-06-26,VIX-BSB,AZUL,N,267
1125,ViajaNet,2018-07-31,2018-08-28,VIX-BSB,TAM,M,272
1126,ViajaNet,2018-07-31,2018-08-28,VIX-BSB,TAM,T,330
1127,ViajaNet,2018-07-31,2018-08-28,VIX-BSB,TAM,N,272
1128,ViajaNet,2018-07-31,2018-08-28,VIX-BSB,GOL,M,483
1129,ViajaNet,2018-07-31,2018-08-28,VIX-BSB,GOL,T,483
1130,ViajaNet,2018-07-31,2018-08-28,VIX-BSB,GOL,N,483
1131,ViajaNet,2018-07-31,2018-08-28,VIX-BSB,AZUL,M,258
1132,ViajaNet,2018-07-31,2018-08-28,VIX-BSB,AZUL,T,258
1133,ViajaNet,2018-07-31,2018-08-28,VIX-BSB,AZUL,N,258
1134,Submarino Viagens,2018-01-30,2018-02-27,VIX-SAO,TAM,M,237
1135,Submarino Viagens,2018-01-30,2018-02-27,VIX-SAO,TAM,T,238
1136,Submarino Viagens,2018-01-30,2018-02-27,VIX-SAO,TAM,N,237
1137,Submarino Viagens,2018-01-30,2018-02-27,VIX-SAO,GOL,M,236
1138,Submarino Viagens,2018-01-30,2018-02-27,VIX-SAO,GOL,T,395
1139,Submarino Viagens,2018-01-30,2018-02-27,VIX-SAO,GOL,N,372
1140,Submarino Viagens,2018-01-30,2018-02-27,VIX-SAO,AZUL,M,179
1141,Submarino Viagens,2018-01-30,2018-02-27,VIX-SAO,AZUL,T,213
1142,Submarino Viagens,2018-01-30,2018-02-27,VIX-SAO,AZUL,N,197
1143,Submarino Viagens,2018-02-27,2018-03-27,VIX-SAO,TAM,M,222
1144,Submarino Viagens,2018-02-27,2018-03-27,VIX-SAO,TAM,T,201
1145,Submarino Viagens,2018-02-27,2018-03-27,VIX-SAO,TAM,N,201
1146,Submarino Viagens,2018-02-27,2018-03-27,VIX-SAO,GOL,M,396
1147,Submarino Viagens,2018-02-27,2018-03-27,VIX-SAO,GOL,T,396
1148,Submarino Viagens,2018-02-27,2018-03-27,VIX-SAO,GOL,N,237
1149,Submarino Viagens,2018-02-27,2018-03-27,VIX-SAO,AZUL,M,244
1150,Submarino Viagens,2018-02-27,2018-03-27,VIX-SAO,AZUL,T,189
1151,Submarino Viagens,2018-02-27,2018-03-27,VIX-SAO,AZUL,N,244
1152,Submarino Viagens,2018-03-27,2018-04-24,VIX-SAO,TAM,M,253
1153,Submarino Viagens,2018-03-27,2018-04-24,VIX-SAO,TAM,T,188
1154,Submarino Viagens,2018-03-27,2018-04-24,VIX-SAO,TAM,N,188
1155,Submarino Viagens,2018-03-27,2018-04-24,VIX-SAO,GOL,M,209
1156,Submarino Viagens,2018-03-27,2018-04-24,VIX-SAO,GOL,T,253
1157,Submarino Viagens,2018-03-27,2018-04-24,VIX-SAO,GOL,N,253
1158,Submarino Viagens,2018-03-27,2018-04-24,VIX-SAO,AZUL,M,207
1159,Submarino Viagens,2018-03-27,2018-04-24,VIX-SAO,AZUL,T,180
1160,Submarino Viagens,2018-03-27,2018-04-24,VIX-SAO,AZUL,N,207
1161,Submarino Viagens,2018-04-24,2018-05-29,VIX-SAO,TAM,M,223
1162,Submarino Viagens,2018-04-24,2018-05-29,VIX-SAO,TAM,T,184
1163,Submarino Viagens,2018-04-24,2018-05-29,VIX-SAO,TAM,N,223
1164,Submarino Viagens,2018-04-24,2018-05-29,VIX-SAO,GOL,M,195
1165,Submarino Viagens,2018-04-24,2018-05-29,VIX-SAO,GOL,T,219
1166,Submarino Viagens,2018-04-24,2018-05-29,VIX-SAO,GOL,N,219
1167,Submarino Viagens,2018-04-24,2018-05-29,VIX-SAO,AZUL,M,186
1168,Submarino Viagens,2018-04-24,2018-05-29,VIX-SAO,AZUL,T,143
1169,Submarino Viagens,2018-04-24,2018-05-29,VIX-SAO,AZUL,N,186
1170,Submarino Viagens,2018-05-29,2018-06-26,VIX-SAO,TAM,M,209
1171,Submarino Viagens,2018-05-29,2018-06-26,VIX-SAO,TAM,T,207
1172,Submarino Viagens,2018-05-29,2018-06-26,VIX-SAO,TAM,N,207
1173,Submarino Viagens,2018-05-29,2018-06-26,VIX-SAO,GOL,M,208
1174,Submarino Viagens,2018-05-29,2018-06-26,VIX-SAO,GOL,T,261
1175,Submarino Viagens,2018-05-29,2018-06-26,VIX-SAO,GOL,N,261
1176,Submarino Viagens,2018-05-29,2018-06-26,VIX-SAO,AZUL,M,228
1177,Submarino Viagens,2018-05-29,2018-06-26,VIX-SAO,AZUL,T,177
1178,Submarino Viagens,2018-05-29,2018-06-26,VIX-SAO,AZUL,N,228
1179,Submarino Viagens,2018-07-31,2018-08-28,VIX-SAO,TAM,M,207
1180,Submarino Viagens,2018-07-31,2018-08-28,VIX-SAO,TAM,T,207
1181,Submarino Viagens,2018-07-31,2018-08-28,VIX-SAO,TAM,N,291
1182,Submarino Viagens,2018-07-31,2018-08-28,VIX-SAO,GOL,M,
1183,Submarino Viagens,2018-07-31,2018-08-28,VIX-SAO,GOL,T,
1184,Submarino Viagens,2018-07-31,2018-08-28,VIX-SAO,GOL,N,
1185,Submarino Viagens,2018-07-31,2018-08-28,VIX-SAO,AZUL,M,243
1186,Submarino Viagens,2018-07-31,2018-08-28,VIX-SAO,AZUL,T,188
1187,Submarino Viagens,2018-07-31,2018-08-28,VIX-SAO,AZUL,N,254
1188,Submarino Viagens,2018-01-30,2018-02-27,VIX-BHZ,TAM,M,190
1189,Submarino Viagens,2018-01-30,2018-02-27,VIX-BHZ,TAM,T,190
1190,Submarino Viagens,2018-01-30,2018-02-27,VIX-BHZ,TAM,N,524
1191,Submarino Viagens,2018-01-30,2018-02-27,VIX-BHZ,GOL,M,213
1192,Submarino Viagens,2018-01-30,2018-02-27,VIX-BHZ,GOL,T,-
1193,Submarino Viagens,2018-01-30,2018-02-27,VIX-BHZ,GOL,N,385
1194,Submarino Viagens,2018-01-30,2018-02-27,VIX-BHZ,AZUL,M,175
1195,Submarino Viagens,2018-01-30,2018-02-27,VIX-BHZ,AZUL,T,175
1196,Submarino Viagens,2018-01-30,2018-02-27,VIX-BHZ,AZUL,N,213
1197,Submarino Viagens,2018-02-27,2018-03-27,VIX-BHZ,TAM,M,178
1198,Submarino Viagens,2018-02-27,2018-03-27,VIX-BHZ,TAM,T,178
1199,Submarino Viagens,2018-02-27,2018-03-27,VIX-BHZ,TAM,N,178
1200,Submarino Viagens,2018-02-27,2018-03-27,VIX-BHZ,GOL,M,966
1201,Submarino Viagens,2018-02-27,2018-03-27,VIX-BHZ,GOL,T,-
1202,Submarino Viagens,2018-02-27,2018-03-27,VIX-BHZ,GOL,N,215
1203,Submarino Viagens,2018-02-27,2018-03-27,VIX-BHZ,AZUL,M,236
1204,Submarino Viagens,2018-02-27,2018-03-27,VIX-BHZ,AZUL,T,236
1205,Submarino Viagens,2018-02-27,2018-03-27,VIX-BHZ,AZUL,N,236
1206,Submarino Viagens,2018-03-27,2018-04-24,VIX-BHZ,TAM,M,178
1207,Submarino Viagens,2018-03-27,2018-04-24,VIX-BHZ,TAM,T,178
1208,Submarino Viagens,2018-03-27,2018-04-24,VIX-BHZ,TAM,N,178
1209,Submarino Viagens,2018-03-27,2018-04-24,VIX-BHZ,GOL,M,288
1210,Submarino Viagens,2018-03-27,2018-04-24,VIX-BHZ,GOL,T,289
1211,Submarino Viagens,2018-03-27,2018-04-24,VIX-BHZ,GOL,N,289
1212,Submarino Viagens,2018-03-27,2018-04-24,VIX-BHZ,AZUL,M,230
1213,Submarino Viagens,2018-03-27,2018-04-24,VIX-BHZ,AZUL,T,158
1214,Submarino Viagens,2018-03-27,2018-04-24,VIX-BHZ,AZUL,N,230
1215,Submarino Viagens,2018-04-24,2018-05-29,VIX-BHZ,TAM,M,201
1216,Submarino Viagens,2018-04-24,2018-05-29,VIX-BHZ,TAM,T,201
1217,Submarino Viagens,2018-04-24,2018-05-29,VIX-BHZ,TAM,N,202
1218,Submarino Viagens,2018-04-24,2018-05-29,VIX-BHZ,GOL,M,311
1219,Submarino Viagens,2018-04-24,2018-05-29,VIX-BHZ,GOL,T,215
1220,Submarino Viagens,2018-04-24,2018-05-29,VIX-BHZ,GOL,N,215
1221,Submarino Viagens,2018-04-24,2018-05-29,VIX-BHZ,AZUL,M,160
1222,Submarino Viagens,2018-04-24,2018-05-29,VIX-BHZ,AZUL,T,185
1223,Submarino Viagens,2018-04-24,2018-05-29,VIX-BHZ,AZUL,N,160
1224,Submarino Viagens,2018-05-29,2018-06-26,VIX-BHZ,TAM,M,213
1225,Submarino Viagens,2018-05-29,2018-06-26,VIX-BHZ,TAM,T,199
1226,Submarino Viagens,2018-05-29,2018-06-26,VIX-BHZ,TAM,N,213
1227,Submarino Viagens,2018-05-29,2018-06-26,VIX-BHZ,GOL,M,486
1228,Submarino Viagens,2018-05-29,2018-06-26,VIX-BHZ,GOL,T,215
1229,Submarino Viagens,2018-05-29,2018-06-26,VIX-BHZ,GOL,N,215
1230,Submarino Viagens,2018-05-29,2018-06-26,VIX-BHZ,AZUL,M,274
1231,Submarino Viagens,2018-05-29,2018-06-26,VIX-BHZ,AZUL,T,169
1232,Submarino Viagens,2018-05-29,2018-06-26,VIX-BHZ,AZUL,N,169
1233,Submarino Viagens,2018-07-31,2018-08-28,VIX-BHZ,TAM,M,195
1234,Submarino Viagens,2018-07-31,2018-08-28,VIX-BHZ,TAM,T,195
1235,Submarino Viagens,2018-07-31,2018-08-28,VIX-BHZ,TAM,N,345
1236,Submarino Viagens,2018-07-31,2018-08-28,VIX-BHZ,GOL,M,281
1237,Submarino Viagens,2018-07-31,2018-08-28,VIX-BHZ,GOL,T,281
1238,Submarino Viagens,2018-07-31,2018-08-28,VIX-BHZ,GOL,N,281
1239,Submarino Viagens,2018-07-31,2018-08-28,VIX-BHZ,AZUL,M,273
1240,Submarino Viagens,2018-07-31,2018-08-28,VIX-BHZ,AZUL,T,175
1241,Submarino Viagens,2018-07-31,2018-08-28,VIX-BHZ,AZUL,N,175
1242,Submarino Viagens,2018-01-30,2018-02-27,VIX-RIO,TAM,M,326
1243,Submarino Viagens,2018-01-30,2018-02-27,VIX-RIO,TAM,T,326
1244,Submarino Viagens,2018-01-30,2018-02-27,VIX-RIO,TAM,N,348
1245,Submarino Viagens,2018-01-30,2018-02-27,VIX-RIO,GOL,M,283
1246,Submarino Viagens,2018-01-30,2018-02-27,VIX-RIO,GOL,T,-
1247,Submarino Viagens,2018-01-30,2018-02-27,VIX-RIO,GOL,N,283
1248,Submarino Viagens,2018-01-30,2018-02-27,VIX-RIO,AZUL,M,264
1249,Submarino Viagens,2018-01-30,2018-02-27,VIX-RIO,AZUL,T,264
1250,Submarino Viagens,2018-01-30,2018-02-27,VIX-RIO,AZUL,N,264
1251,Submarino Viagens,2018-02-27,2018-03-27,VIX-RIO,TAM,M,200
1252,Submarino Viagens,2018-02-27,2018-03-27,VIX-RIO,TAM,T,200
1253,Submarino Viagens,2018-02-27,2018-03-27,VIX-RIO,TAM,N,1989
1254,Submarino Viagens,2018-02-27,2018-03-27,VIX-RIO,GOL,M,254
1255,Submarino Viagens,2018-02-27,2018-03-27,VIX-RIO,GOL,T,-
1256,Submarino Viagens,2018-02-27,2018-03-27,VIX-RIO,GOL,N,199
1257,Submarino Viagens,2018-02-27,2018-03-27,VIX-RIO,AZUL,M,222
1258,Submarino Viagens,2018-02-27,2018-03-27,VIX-RIO,AZUL,T,173
1259,Submarino Viagens,2018-02-27,2018-03-27,VIX-RIO,AZUL,N,173
1260,Submarino Viagens,2018-03-27,2018-04-24,VIX-RIO,TAM,M,299
1261,Submarino Viagens,2018-03-27,2018-04-24,VIX-RIO,TAM,T,200
1262,Submarino Viagens,2018-03-27,2018-04-24,VIX-RIO,TAM,N,894
1263,Submarino Viagens,2018-03-27,2018-04-24,VIX-RIO,GOL,M,334
1264,Submarino Viagens,2018-03-27,2018-04-24,VIX-RIO,GOL,T,358
1265,Submarino Viagens,2018-03-27,2018-04-24,VIX-RIO,GOL,N,334
1266,Submarino Viagens,2018-03-27,2018-04-24,VIX-RIO,AZUL,M,155
1267,Submarino Viagens,2018-03-27,2018-04-24,VIX-RIO,AZUL,T,155
1268,Submarino Viagens,2018-03-27,2018-04-24,VIX-RIO,AZUL,N,155
1269,Submarino Viagens,2018-04-24,2018-05-29,VIX-RIO,TAM,M,213
1270,Submarino Viagens,2018-04-24,2018-05-29,VIX-RIO,TAM,T,213
1271,Submarino Viagens,2018-04-24,2018-05-29,VIX-RIO,TAM,N,385
1272,Submarino Viagens,2018-04-24,2018-05-29,VIX-RIO,GOL,M,173
1273,Submarino Viagens,2018-04-24,2018-05-29,VIX-RIO,GOL,T,173
1274,Submarino Viagens,2018-04-24,2018-05-29,VIX-RIO,GOL,N,173
1275,Submarino Viagens,2018-04-24,2018-05-29,VIX-RIO,AZUL,M,166
1276,Submarino Viagens,2018-04-24,2018-05-29,VIX-RIO,AZUL,T,132
1277,Submarino Viagens,2018-04-24,2018-05-29,VIX-RIO,AZUL,N,132
1278,Submarino Viagens,2018-05-29,2018-06-26,VIX-RIO,TAM,M,248
1279,Submarino Viagens,2018-05-29,2018-06-26,VIX-RIO,TAM,T,248
1280,Submarino Viagens,2018-05-29,2018-06-26,VIX-RIO,TAM,N,310
1281,Submarino Viagens,2018-05-29,2018-06-26,VIX-RIO,GOL,M,324
1282,Submarino Viagens,2018-05-29,2018-06-26,VIX-RIO,GOL,T,224
1283,Submarino Viagens,2018-05-29,2018-06-26,VIX-RIO,GOL,N,224
1284,Submarino Viagens,2018-05-29,2018-06-26,VIX-RIO,AZUL,M,150
1285,Submarino Viagens,2018-05-29,2018-06-26,VIX-RIO,AZUL,T,150
1286,Submarino Viagens,2018-05-29,2018-06-26,VIX-RIO,AZUL,N,150
1287,Submarino Viagens,2018-07-31,2018-08-28,VIX-RIO,TAM,M,298
1288,Submarino Viagens,2018-07-31,2018-08-28,VIX-RIO,TAM,T,298
1289,Submarino Viagens,2018-07-31,2018-08-28,VIX-RIO,TAM,N,327
1290,Submarino Viagens,2018-07-31,2018-08-28,VIX-RIO,GOL,M,249
1291,Submarino Viagens,2018-07-31,2018-08-28,VIX-RIO,GOL,T,249
1292,Submarino Viagens,2018-07-31,2018-08-28,VIX-RIO,GOL,N,249
1293,Submarino Viagens,2018-07-31,2018-08-28,VIX-RIO,AZUL,M,235
1294,Submarino Viagens,2018-07-31,2018-08-28,VIX-RIO,AZUL,T,290
1295,Submarino Viagens,2018-07-31,2018-08-28,VIX-RIO,AZUL,N,216
1296,Submarino Viagens,2018-01-30,2018-02-27,VIX-REC,TAM,M,444
1297,Submarino Viagens,2018-01-30,2018-02-27,VIX-REC,TAM,T,444
1298,Submarino Viagens,2018-01-30,2018-02-27,VIX-REC,TAM,N,444
1299,Submarino Viagens,2018-01-30,2018-02-27,VIX-REC,GOL,M,565
1300,Submarino Viagens,2018-01-30,2018-02-27,VIX-REC,GOL,T,-
1301,Submarino Viagens,2018-01-30,2018-02-27,VIX-REC,GOL,N,469
1302,Submarino Viagens,2018-01-30,2018-02-27,VIX-REC,AZUL,M,438
1303,Submarino Viagens,2018-01-30,2018-02-27,VIX-REC,AZUL,T,438
1304,Submarino Viagens,2018-01-30,2018-02-27,VIX-REC,AZUL,N,438
1305,Submarino Viagens,2018-02-27,2018-03-27,VIX-REC,TAM,M,476
1306,Submarino Viagens,2018-02-27,2018-03-27,VIX-REC,TAM,T,476
1307,Submarino Viagens,2018-02-27,2018-03-27,VIX-REC,TAM,N,2227
1308,Submarino Viagens,2018-02-27,2018-03-27,VIX-REC,GOL,M,930
1309,Submarino Viagens,2018-02-27,2018-03-27,VIX-REC,GOL,T,-
1310,Submarino Viagens,2018-02-27,2018-03-27,VIX-REC,GOL,N,640
1311,Submarino Viagens,2018-02-27,2018-03-27,VIX-REC,AZUL,M,513
1312,Submarino Viagens,2018-02-27,2018-03-27,VIX-REC,AZUL,T,513
1313,Submarino Viagens,2018-02-27,2018-03-27,VIX-REC,AZUL,N,513
1314,Submarino Viagens,2018-03-27,2018-04-24,VIX-REC,TAM,M,527
1315,Submarino Viagens,2018-03-27,2018-04-24,VIX-REC,TAM,T,527
1316,Submarino Viagens,2018-03-27,2018-04-24,VIX-REC,TAM,N,527
1317,Submarino Viagens,2018-03-27,2018-04-24,VIX-REC,GOL,M,558
1318,Submarino Viagens,2018-03-27,2018-04-24,VIX-REC,GOL,T,
1319,Submarino Viagens,2018-03-27,2018-04-24,VIX-REC,GOL,N,536
1320,Submarino Viagens,2018-03-27,2018-04-24,VIX-REC,AZUL,M,444
1321,Submarino Viagens,2018-03-27,2018-04-24,VIX-REC,AZUL,T,446
1322,Submarino Viagens,2018-03-27,2018-04-24,VIX-REC,AZUL,N,446
1323,Submarino Viagens,2018-04-24,2018-05-29,VIX-REC,TAM,M,421
1324,Submarino Viagens,2018-04-24,2018-05-29,VIX-REC,TAM,T,421
1325,Submarino Viagens,2018-04-24,2018-05-29,VIX-REC,TAM,N,421
1326,Submarino Viagens,2018-04-24,2018-05-29,VIX-REC,GOL,M,709
1327,Submarino Viagens,2018-04-24,2018-05-29,VIX-REC,GOL,T,
1328,Submarino Viagens,2018-04-24,2018-05-29,VIX-REC,GOL,N,709
1329,Submarino Viagens,2018-04-24,2018-05-29,VIX-REC,AZUL,M,375
1330,Submarino Viagens,2018-04-24,2018-05-29,VIX-REC,AZUL,T,375
1331,Submarino Viagens,2018-04-24,2018-05-29,VIX-REC,AZUL,N,375
1332,Submarino Viagens,2018-05-29,2018-06-26,VIX-REC,TAM,M,449
1333,Submarino Viagens,2018-05-29,2018-06-26,VIX-REC,TAM,T,449
1334,Submarino Viagens,2018-05-29,2018-06-26,VIX-REC,TAM,N,449
1335,Submarino Viagens,2018-05-29,2018-06-26,VIX-REC,GOL,M,1196
1336,Submarino Viagens,2018-05-29,2018-06-26,VIX-REC,GOL,T,1196
1337,Submarino Viagens,2018-05-29,2018-06-26,VIX-REC,GOL,N,1196
1338,Submarino Viagens,2018-05-29,2018-06-26,VIX-REC,AZUL,M,432
1339,Submarino Viagens,2018-05-29,2018-06-26,VIX-REC,AZUL,T,471
1340,Submarino Viagens,2018-05-29,2018-06-26,VIX-REC,AZUL,N,484
1341,Submarino Viagens,2018-07-31,2018-08-28,VIX-REC,TAM,M,459
1342,Submarino Viagens,2018-07-31,2018-08-28,VIX-REC,TAM,T,459
1343,Submarino Viagens,2018-07-31,2018-08-28,VIX-REC,TAM,N,376
1344,Submarino Viagens,2018-07-31,2018-08-28,VIX-REC,GOL,M,458
1345,Submarino Viagens,2018-07-31,2018-08-28,VIX-REC,GOL,T,
1346,Submarino Viagens,2018-07-31,2018-08-28,VIX-REC,GOL,N,569
1347,Submarino Viagens,2018-07-31,2018-08-28,VIX-REC,AZUL,M,416
1348,Submarino Viagens,2018-07-31,2018-08-28,VIX-REC,AZUL,T,460
1349,Submarino Viagens,2018-07-31,2018-08-28,VIX-REC,AZUL,N,460
1350,Submarino Viagens,2018-01-30,2018-02-27,VIX-SSA,TAM,M,506
1351,Submarino Viagens,2018-01-30,2018-02-27,VIX-SSA,TAM,T,506
1352,Submarino Viagens,2018-01-30,2018-02-27,VIX-SSA,TAM,N,506
1353,Submarino Viagens,2018-01-30,2018-02-27,VIX-SSA,GOL,M,
1354,Submarino Viagens,2018-01-30,2018-02-27,VIX-SSA,GOL,T,433
1355,Submarino Viagens,2018-01-30,2018-02-27,VIX-SSA,GOL,N,678
1356,Submarino Viagens,2018-01-30,2018-02-27,VIX-SSA,AZUL,M,428
1357,Submarino Viagens,2018-01-30,2018-02-27,VIX-SSA,AZUL,T,428
1358,Submarino Viagens,2018-01-30,2018-02-27,VIX-SSA,AZUL,N,
1359,Submarino Viagens,2018-02-27,2018-03-27,VIX-SSA,TAM,M,506
1360,Submarino Viagens,2018-02-27,2018-03-27,VIX-SSA,TAM,T,506
1361,Submarino Viagens,2018-02-27,2018-03-27,VIX-SSA,TAM,N,2644
1362,Submarino Viagens,2018-02-27,2018-03-27,VIX-SSA,GOL,M,593
1363,Submarino Viagens,2018-02-27,2018-03-27,VIX-SSA,GOL,T,162
1364,Submarino Viagens,2018-02-27,2018-03-27,VIX-SSA,GOL,N,593
1365,Submarino Viagens,2018-02-27,2018-03-27,VIX-SSA,AZUL,M,483
1366,Submarino Viagens,2018-02-27,2018-03-27,VIX-SSA,AZUL,T,527
1367,Submarino Viagens,2018-02-27,2018-03-27,VIX-SSA,AZUL,N,483
1368,Submarino Viagens,2018-03-27,2018-04-24,VIX-SSA,TAM,M,506
1369,Submarino Viagens,2018-03-27,2018-04-24,VIX-SSA,TAM,T,506
1370,Submarino Viagens,2018-03-27,2018-04-24,VIX-SSA,TAM,N,506
1371,Submarino Viagens,2018-03-27,2018-04-24,VIX-SSA,GOL,M,593
1372,Submarino Viagens,2018-03-27,2018-04-24,VIX-SSA,GOL,T,593
1373,Submarino Viagens,2018-03-27,2018-04-24,VIX-SSA,GOL,N,593
1374,Submarino Viagens,2018-03-27,2018-04-24,VIX-SSA,AZUL,M,471
1375,Submarino Viagens,2018-03-27,2018-04-24,VIX-SSA,AZUL,T,381
1376,Submarino Viagens,2018-03-27,2018-04-24,VIX-SSA,AZUL,N,381
1377,Submarino Viagens,2018-04-24,2018-05-29,VIX-SSA,TAM,M,554
1378,Submarino Viagens,2018-04-24,2018-05-29,VIX-SSA,TAM,T,554
1379,Submarino Viagens,2018-04-24,2018-05-29,VIX-SSA,TAM,N,607
1380,Submarino Viagens,2018-04-24,2018-05-29,VIX-SSA,GOL,M,
1381,Submarino Viagens,2018-04-24,2018-05-29,VIX-SSA,GOL,T,
1382,Submarino Viagens,2018-04-24,2018-05-29,VIX-SSA,GOL,N,
1383,Submarino Viagens,2018-04-24,2018-05-29,VIX-SSA,AZUL,M,445
1384,Submarino Viagens,2018-04-24,2018-05-29,VIX-SSA,AZUL,T,499
1385,Submarino Viagens,2018-04-24,2018-05-29,VIX-SSA,AZUL,N,
1386,Submarino Viagens,2018-05-29,2018-06-26,VIX-SSA,TAM,M,524
1387,Submarino Viagens,2018-05-29,2018-06-26,VIX-SSA,TAM,T,595
1388,Submarino Viagens,2018-05-29,2018-06-26,VIX-SSA,TAM,N,664
1389,Submarino Viagens,2018-05-29,2018-06-26,VIX-SSA,GOL,M,758
1390,Submarino Viagens,2018-05-29,2018-06-26,VIX-SSA,GOL,T,758
1391,Submarino Viagens,2018-05-29,2018-06-26,VIX-SSA,GOL,N,819
1392,Submarino Viagens,2018-05-29,2018-06-26,VIX-SSA,AZUL,M,549
1393,Submarino Viagens,2018-05-29,2018-06-26,VIX-SSA,AZUL,T,549
1394,Submarino Viagens,2018-05-29,2018-06-26,VIX-SSA,AZUL,N,688
1395,Submarino Viagens,2018-07-31,2018-08-28,VIX-SSA,TAM,M,331
1396,Submarino Viagens,2018-07-31,2018-08-28,VIX-SSA,TAM,T,331
1397,Submarino Viagens,2018-07-31,2018-08-28,VIX-SSA,TAM,N,331
1398,Submarino Viagens,2018-07-31,2018-08-28,VIX-SSA,GOL,M,958
1399,Submarino Viagens,2018-07-31,2018-08-28,VIX-SSA,GOL,T,352
1400,Submarino Viagens,2018-07-31,2018-08-28,VIX-SSA,GOL,N,958
1401,Submarino Viagens,2018-07-31,2018-08-28,VIX-SSA,AZUL,M,539
1402,Submarino Viagens,2018-07-31,2018-08-28,VIX-SSA,AZUL,T,482
1403,Submarino Viagens,2018-07-31,2018-08-28,VIX-SSA,AZUL,N,
1404,Submarino Viagens,2018-01-30,2018-02-27,VIX-POA,TAM,M,421
1405,Submarino Viagens,2018-01-30,2018-02-27,VIX-POA,TAM,T,424
1406,Submarino Viagens,2018-01-30,2018-02-27,VIX-POA,TAM,N,444
1407,Submarino Viagens,2018-01-30,2018-02-27,VIX-POA,GOL,M,460
1408,Submarino Viagens,2018-01-30,2018-02-27,VIX-POA,GOL,T,337
1409,Submarino Viagens,2018-01-30,2018-02-27,VIX-POA,GOL,N,460
1410,Submarino Viagens,2018-01-30,2018-02-27,VIX-POA,AZUL,M,323
1411,Submarino Viagens,2018-01-30,2018-02-27,VIX-POA,AZUL,T,323
1412,Submarino Viagens,2018-01-30,2018-02-27,VIX-POA,AZUL,N,323
1413,Submarino Viagens,2018-02-27,2018-03-27,VIX-POA,TAM,M,834
1414,Submarino Viagens,2018-02-27,2018-03-27,VIX-POA,TAM,T,834
1415,Submarino Viagens,2018-02-27,2018-03-27,VIX-POA,TAM,N,1085
1416,Submarino Viagens,2018-02-27,2018-03-27,VIX-POA,GOL,M,1736
1417,Submarino Viagens,2018-02-27,2018-03-27,VIX-POA,GOL,T,-
1418,Submarino Viagens,2018-02-27,2018-03-27,VIX-POA,GOL,N,-
1419,Submarino Viagens,2018-02-27,2018-03-27,VIX-POA,AZUL,M,827
1420,Submarino Viagens,2018-02-27,2018-03-27,VIX-POA,AZUL,T,827
1421,Submarino Viagens,2018-02-27,2018-03-27,VIX-POA,AZUL,N,-
1422,Submarino Viagens,2018-03-27,2018-04-24,VIX-POA,TAM,M,283
1423,Submarino Viagens,2018-03-27,2018-04-24,VIX-POA,TAM,T,283
1424,Submarino Viagens,2018-03-27,2018-04-24,VIX-POA,TAM,N,283
1425,Submarino Viagens,2018-03-27,2018-04-24,VIX-POA,GOL,M,282
1426,Submarino Viagens,2018-03-27,2018-04-24,VIX-POA,GOL,T,282
1427,Submarino Viagens,2018-03-27,2018-04-24,VIX-POA,GOL,N,399
1428,Submarino Viagens,2018-03-27,2018-04-24,VIX-POA,AZUL,M,217
1429,Submarino Viagens,2018-03-27,2018-04-24,VIX-POA,AZUL,T,228
1430,Submarino Viagens,2018-03-27,2018-04-24,VIX-POA,AZUL,N,234
1431,Submarino Viagens,2018-04-24,2018-05-29,VIX-POA,TAM,M,255
1432,Submarino Viagens,2018-04-24,2018-05-29,VIX-POA,TAM,T,255
1433,Submarino Viagens,2018-04-24,2018-05-29,VIX-POA,TAM,N,413
1434,Submarino Viagens,2018-04-24,2018-05-29,VIX-POA,GOL,M,238
1435,Submarino Viagens,2018-04-24,2018-05-29,VIX-POA,GOL,T,238
1436,Submarino Viagens,2018-04-24,2018-05-29,VIX-POA,GOL,N,238
1437,Submarino Viagens,2018-04-24,2018-05-29,VIX-POA,AZUL,M,197
1438,Submarino Viagens,2018-04-24,2018-05-29,VIX-POA,AZUL,T,197
1439,Submarino Viagens,2018-04-24,2018-05-29,VIX-POA,AZUL,N,202
1440,Submarino Viagens,2018-05-29,2018-06-26,VIX-POA,TAM,M,268
1441,Submarino Viagens,2018-05-29,2018-06-26,VIX-POA,TAM,T,268
1442,Submarino Viagens,2018-05-29,2018-06-26,VIX-POA,TAM,N,268
1443,Submarino Viagens,2018-05-29,2018-06-26,VIX-POA,GOL,M,290
1444,Submarino Viagens,2018-05-29,2018-06-26,VIX-POA,GOL,T,290
1445,Submarino Viagens,2018-05-29,2018-06-26,VIX-POA,GOL,N,290
1446,Submarino Viagens,2018-05-29,2018-06-26,VIX-POA,AZUL,M,217
1447,Submarino Viagens,2018-05-29,2018-06-26,VIX-POA,AZUL,T,230
1448,Submarino Viagens,2018-05-29,2018-06-26,VIX-POA,AZUL,N,230
1449,Submarino Viagens,2018-07-31,2018-08-28,VIX-POA,TAM,M,265
1450,Submarino Viagens,2018-07-31,2018-08-28,VIX-POA,TAM,T,265
1451,Submarino Viagens,2018-07-31,2018-08-28,VIX-POA,TAM,N,458
1452,Submarino Viagens,2018-07-31,2018-08-28,VIX-POA,GOL,M,461
1453,Submarino Viagens,2018-07-31,2018-08-28,VIX-POA,GOL,T,461
1454,Submarino Viagens,2018-07-31,2018-08-28,VIX-POA,GOL,N,461
1455,Submarino Viagens,2018-07-31,2018-08-28,VIX-POA,AZUL,M,258
1456,Submarino Viagens,2018-07-31,2018-08-28,VIX-POA,AZUL,T,258
1457,Submarino Viagens,2018-07-31,2018-08-28,VIX-POA,AZUL,N,251
1458,Submarino Viagens,2018-01-30,2018-02-27,VIX-BSB,TAM,M,252
1459,Submarino Viagens,2018-01-30,2018-02-27,VIX-BSB,TAM,T,252
1460,Submarino Viagens,2018-01-30,2018-02-27,VIX-BSB,TAM,N,252
1461,Submarino Viagens,2018-01-30,2018-02-27,VIX-BSB,GOL,M,440
1462,Submarino Viagens,2018-01-30,2018-02-27,VIX-BSB,GOL,T,263
1463,Submarino Viagens,2018-01-30,2018-02-27,VIX-BSB,GOL,N,263
1464,Submarino Viagens,2018-01-30,2018-02-27,VIX-BSB,AZUL,M,221
1465,Submarino Viagens,2018-01-30,2018-02-27,VIX-BSB,AZUL,T,215
1466,Submarino Viagens,2018-01-30,2018-02-27,VIX-BSB,AZUL,N,221
1467,Submarino Viagens,2018-02-27,2018-03-27,VIX-BSB,TAM,M,244
1468,Submarino Viagens,2018-02-27,2018-03-27,VIX-BSB,TAM,T,245
1469,Submarino Viagens,2018-02-27,2018-03-27,VIX-BSB,TAM,N,244
1470,Submarino Viagens,2018-02-27,2018-03-27,VIX-BSB,GOL,M,265
1471,Submarino Viagens,2018-02-27,2018-03-27,VIX-BSB,GOL,T,265
1472,Submarino Viagens,2018-02-27,2018-03-27,VIX-BSB,GOL,N,265
1473,Submarino Viagens,2018-02-27,2018-03-27,VIX-BSB,AZUL,M,222
1474,Submarino Viagens,2018-02-27,2018-03-27,VIX-BSB,AZUL,T,217
1475,Submarino Viagens,2018-02-27,2018-03-27,VIX-BSB,AZUL,N,222
1476,Submarino Viagens,2018-03-27,2018-04-24,VIX-BSB,TAM,M,244
1477,Submarino Viagens,2018-03-27,2018-04-24,VIX-BSB,TAM,T,245
1478,Submarino Viagens,2018-03-27,2018-04-24,VIX-BSB,TAM,N,244
1479,Submarino Viagens,2018-03-27,2018-04-24,VIX-BSB,GOL,M,265
1480,Submarino Viagens,2018-03-27,2018-04-24,VIX-BSB,GOL,T,265
1481,Submarino Viagens,2018-03-27,2018-04-24,VIX-BSB,GOL,N,310
1482,Submarino Viagens,2018-03-27,2018-04-24,VIX-BSB,AZUL,M,203
1483,Submarino Viagens,2018-03-27,2018-04-24,VIX-BSB,AZUL,T,198
1484,Submarino Viagens,2018-03-27,2018-04-24,VIX-BSB,AZUL,N,203
1485,Submarino Viagens,2018-04-24,2018-05-29,VIX-BSB,TAM,M,261
1486,Submarino Viagens,2018-04-24,2018-05-29,VIX-BSB,TAM,T,261
1487,Submarino Viagens,2018-04-24,2018-05-29,VIX-BSB,TAM,N,261
1488,Submarino Viagens,2018-04-24,2018-05-29,VIX-BSB,GOL,M,265
1489,Submarino Viagens,2018-04-24,2018-05-29,VIX-BSB,GOL,T,265
1490,Submarino Viagens,2018-04-24,2018-05-29,VIX-BSB,GOL,N,265
1491,Submarino Viagens,2018-04-24,2018-05-29,VIX-BSB,AZUL,M,237
1492,Submarino Viagens,2018-04-24,2018-05-29,VIX-BSB,AZUL,T,219
1493,Submarino Viagens,2018-04-24,2018-05-29,VIX-BSB,AZUL,N,219
1494,Submarino Viagens,2018-05-29,2018-06-26,VIX-BSB,TAM,M,277
1495,Submarino Viagens,2018-05-29,2018-06-26,VIX-BSB,TAM,T,277
1496,Submarino Viagens,2018-05-29,2018-06-26,VIX-BSB,TAM,N,277
1497,Submarino Viagens,2018-05-29,2018-06-26,VIX-BSB,GOL,M,329
1498,Submarino Viagens,2018-05-29,2018-06-26,VIX-BSB,GOL,T,329
1499,Submarino Viagens,2018-05-29,2018-06-26,VIX-BSB,GOL,N,329
1500,Submarino Viagens,2018-05-29,2018-06-26,VIX-BSB,AZUL,M,248
1501,Submarino Viagens,2018-05-29,2018-06-26,VIX-BSB,AZUL,T,252
1502,Submarino Viagens,2018-05-29,2018-06-26,VIX-BSB,AZUL,N,252
1503,Submarino Viagens,2018-07-31,2018-08-28,VIX-BSB,TAM,M,272
1504,Submarino Viagens,2018-07-31,2018-08-28,VIX-BSB,TAM,T,330
1505,Submarino Viagens,2018-07-31,2018-08-28,VIX-BSB,TAM,N,272
1506,Submarino Viagens,2018-07-31,2018-08-28,VIX-BSB,GOL,M,483
1507,Submarino Viagens,2018-07-31,2018-08-28,VIX-BSB,GOL,T,483
1508,Submarino Viagens,2018-07-31,2018-08-28,VIX-BSB,GOL,N,483
1509,Submarino Viagens,2018-07-31,2018-08-28,VIX-BSB,AZUL,M,237
1510,Submarino Viagens,2018-07-31,2018-08-28,VIX-BSB,AZUL,T,237
1511,Submarino Viagens,2018-07-31,2018-08-28,VIX-BSB,AZUL,N,237
